phase,dataset,model,model_type,preprocessing,accuracy,f1,precision,recall,roc_auc,training_time_seconds,missing_mechanism,missing_rate,device,error
3.4,taiwan_bankruptcy,logistic_regression,Classical,mean,0.9618768328445748,0.9549004649811101,0.9500576036866359,0.9618768328445748,0.8522555096418734,0.03175806999206543,native,0,cpu,
3.4,taiwan_bankruptcy,random_forest,Classical,mean,0.969208211143695,0.9614178050518054,0.96036866359447,0.969208211143695,0.9204373278236915,0.28730297088623047,native,0,cpu,
3.4,taiwan_bankruptcy,logistic_regression,Classical,median,0.9618768328445748,0.9549004649811101,0.9500576036866359,0.9618768328445748,0.8522555096418734,0.03329730033874512,native,0,cpu,
3.4,taiwan_bankruptcy,random_forest,Classical,median,0.969208211143695,0.9614178050518054,0.96036866359447,0.969208211143695,0.9204373278236915,0.28439927101135254,native,0,cpu,
3.4,taiwan_bankruptcy,logistic_regression,Classical,knn,0.9618768328445748,0.9549004649811101,0.9500576036866359,0.9618768328445748,0.8522555096418734,0.032354116439819336,native,0,cpu,
3.4,taiwan_bankruptcy,random_forest,Classical,knn,0.969208211143695,0.9614178050518054,0.96036866359447,0.969208211143695,0.9204373278236915,0.27777528762817383,native,0,cpu,
3.4,taiwan_bankruptcy,logistic_regression,Classical,mean,0.9604105571847508,0.9547374127919419,0.9504293050874658,0.9604105571847508,0.8800447658402203,0.03097820281982422,MCAR,5,cpu,
3.4,taiwan_bankruptcy,random_forest,Classical,mean,0.9714076246334311,0.9652245346645261,0.9649062010032837,0.9714076246334311,0.9328340220385675,0.2861013412475586,MCAR,5,cpu,
3.4,taiwan_bankruptcy,logistic_regression,Classical,median,0.9604105571847508,0.9547374127919419,0.9504293050874658,0.9604105571847508,0.8859848484848484,0.029587745666503906,MCAR,5,cpu,
3.4,taiwan_bankruptcy,random_forest,Classical,median,0.968475073313783,0.960085446887348,0.9586079973845308,0.968475073313783,0.9186036501377411,0.28950047492980957,MCAR,5,cpu,
3.4,taiwan_bankruptcy,logistic_regression,Classical,knn,0.9596774193548387,0.9535173172215802,0.948734119625617,0.9596774193548387,0.8709194214876033,0.028461456298828125,MCAR,5,cpu,
3.4,taiwan_bankruptcy,random_forest,Classical,knn,0.9714076246334311,0.9630064081676983,0.9654531149417065,0.9714076246334311,0.9302599862258953,0.3077373504638672,MCAR,5,cpu,
3.4,taiwan_bankruptcy,logistic_regression,Classical,mean,0.9626099706744868,0.9568978759691016,0.9529824825625723,0.9626099706744868,0.8821625344352617,0.021370649337768555,MCAR,10,cpu,
3.4,taiwan_bankruptcy,random_forest,Classical,mean,0.9699413489736071,0.9627173544089327,0.961988569788852,0.9699413489736071,0.9283660468319559,0.30828857421875,MCAR,10,cpu,
3.4,taiwan_bankruptcy,logistic_regression,Classical,median,0.9611436950146628,0.955207596595341,0.9508583010940945,0.9611436950146628,0.881232782369146,0.026727914810180664,MCAR,10,cpu,
3.4,taiwan_bankruptcy,random_forest,Classical,median,0.967008797653959,0.9598744630744529,0.9570582741322695,0.967008797653959,0.9319817493112948,0.28735899925231934,MCAR,10,cpu,
3.4,taiwan_bankruptcy,logistic_regression,Classical,knn,0.9611436950146628,0.9566161889324951,0.9531610651353939,0.9611436950146628,0.8987947658402204,0.02837061882019043,MCAR,10,cpu,
3.4,taiwan_bankruptcy,random_forest,Classical,knn,0.968475073313783,0.9616578202711441,0.959674249755941,0.968475073313783,0.9318956611570248,0.29268383979797363,MCAR,10,cpu,
3.4,taiwan_bankruptcy,logistic_regression,Classical,mean,0.9618768328445748,0.9583711382335491,0.9556302493914334,0.9618768328445748,0.90659435261708,0.023678302764892578,MCAR,15,cpu,
3.4,taiwan_bankruptcy,random_forest,Classical,mean,0.9699413489736071,0.9634411774678351,0.9622902253796124,0.9699413489736071,0.9463240358126721,0.29584646224975586,MCAR,15,cpu,
3.4,taiwan_bankruptcy,logistic_regression,Classical,median,0.9618768328445748,0.9583711382335491,0.9556302493914334,0.9618768328445748,0.8988808539944904,0.023272275924682617,MCAR,15,cpu,
3.4,taiwan_bankruptcy,random_forest,Classical,median,0.9714076246334311,0.9652245346645261,0.9649062010032837,0.9714076246334311,0.9319645316804408,0.29466915130615234,MCAR,15,cpu,
3.4,taiwan_bankruptcy,logistic_regression,Classical,knn,0.9618768328445748,0.9577557541995941,0.9546345097822788,0.9618768328445748,0.9000688705234161,0.019321918487548828,MCAR,15,cpu,
3.4,taiwan_bankruptcy,random_forest,Classical,knn,0.9706744868035191,0.9632550524302907,0.963389656938044,0.9706744868035191,0.928081955922865,0.29598331451416016,MCAR,15,cpu,
3.4,taiwan_bankruptcy,logistic_regression,Classical,mean,0.9611436950146628,0.9589963684994962,0.9571501388729963,0.9611436950146628,0.8997933884297521,0.029604673385620117,MCAR,20,cpu,
3.4,taiwan_bankruptcy,random_forest,Classical,mean,0.967741935483871,0.9603843239670488,0.9580262276251555,0.967741935483871,0.9430785123966942,0.3115062713623047,MCAR,20,cpu,
3.4,taiwan_bankruptcy,logistic_regression,Classical,median,0.9611436950146628,0.9589963684994962,0.9571501388729963,0.9611436950146628,0.8889807162534434,0.02542567253112793,MCAR,20,cpu,
3.4,taiwan_bankruptcy,random_forest,Classical,median,0.968475073313783,0.9616578202711441,0.959674249755941,0.968475073313783,0.9336088154269973,0.28987646102905273,MCAR,20,cpu,
3.4,taiwan_bankruptcy,logistic_regression,Classical,knn,0.9574780058651027,0.9548324671879145,0.9524903339943788,0.9574780058651027,0.8925964187327825,0.025314807891845703,MCAR,20,cpu,
3.4,taiwan_bankruptcy,random_forest,Classical,knn,0.969208211143695,0.9614178050518054,0.96036866359447,0.969208211143695,0.9419077134986225,0.3222532272338867,MCAR,20,cpu,
3.4,taiwan_bankruptcy,logistic_regression,Classical,mean,0.9560117302052786,0.9585505965532478,0.961505940049888,0.9560117302052786,0.9193440082644628,0.02444624900817871,MCAR,30,cpu,
3.4,taiwan_bankruptcy,random_forest,Classical,mean,0.9721407624633431,0.9664351571763908,0.9662400741344325,0.9721407624633431,0.9430699035812671,0.3023052215576172,MCAR,30,cpu,
3.4,taiwan_bankruptcy,logistic_regression,Classical,median,0.9567448680351907,0.9574332599764727,0.9581487845183804,0.9567448680351907,0.9107524104683197,0.024935245513916016,MCAR,30,cpu,
3.4,taiwan_bankruptcy,random_forest,Classical,median,0.967741935483871,0.9618388549840163,0.959389400921659,0.967741935483871,0.9440513085399449,0.29700636863708496,MCAR,30,cpu,
3.4,taiwan_bankruptcy,logistic_regression,Classical,knn,0.9530791788856305,0.9540635967199228,0.9550895512631957,0.9530791788856305,0.8938274793388429,0.02455282211303711,MCAR,30,cpu,
3.4,taiwan_bankruptcy,random_forest,Classical,knn,0.9699413489736071,0.9634411774678351,0.9622902253796124,0.9699413489736071,0.9341081267217631,0.35046815872192383,MCAR,30,cpu,
3.4,taiwan_bankruptcy,logistic_regression,Classical,mean,0.9494134897360704,0.9559914824401258,0.96509941671232,0.9494134897360704,0.9339273415977961,0.02290201187133789,MCAR,40,cpu,
3.4,taiwan_bankruptcy,random_forest,Classical,mean,0.9706744868035191,0.9653080499854694,0.9640552995391705,0.9706744868035191,0.9382489669421488,0.29527735710144043,MCAR,40,cpu,
3.4,taiwan_bankruptcy,logistic_regression,Classical,median,0.9523460410557185,0.9573897053004008,0.9640163104398728,0.9523460410557185,0.9123708677685951,0.0226590633392334,MCAR,40,cpu,
3.4,taiwan_bankruptcy,random_forest,Classical,median,0.967008797653959,0.9647207296785666,0.9630240016803598,0.967008797653959,0.940444214876033,0.28544139862060547,MCAR,40,cpu,
3.4,taiwan_bankruptcy,logistic_regression,Classical,knn,0.9523460410557185,0.9570737550078583,0.9631466860489505,0.9523460410557185,0.906568526170799,0.02433037757873535,MCAR,40,cpu,
3.4,taiwan_bankruptcy,random_forest,Classical,knn,0.967741935483871,0.9618388549840163,0.959389400921659,0.967741935483871,0.9426997245179063,0.3906428813934326,MCAR,40,cpu,
3.4,taiwan_bankruptcy,logistic_regression,Classical,mean,0.9633431085043989,0.95583573312683,0.9511735288948537,0.9633431085043989,0.8916150137741047,0.028634071350097656,MAR,5,cpu,
3.4,taiwan_bankruptcy,random_forest,Classical,mean,0.9706744868035191,0.9632550524302907,0.963389656938044,0.9706744868035191,0.9263860192837466,0.2969803810119629,MAR,5,cpu,
3.4,taiwan_bankruptcy,logistic_regression,Classical,median,0.9626099706744868,0.9553666894343525,0.9505872848568235,0.9626099706744868,0.8936466942148761,0.028192996978759766,MAR,5,cpu,
3.4,taiwan_bankruptcy,random_forest,Classical,median,0.969208211143695,0.962185036514001,0.960760266105102,0.969208211143695,0.9239066804407714,0.2793581485748291,MAR,5,cpu,
3.4,taiwan_bankruptcy,logistic_regression,Classical,knn,0.9626099706744868,0.9553666894343525,0.9505872848568235,0.9626099706744868,0.8805957300275481,0.03102254867553711,MAR,5,cpu,
3.4,taiwan_bankruptcy,random_forest,Classical,knn,0.9699413489736071,0.9619419377297967,0.9618057022369241,0.9699413489736071,0.9369146005509643,0.287489652633667,MAR,5,cpu,
3.4,taiwan_bankruptcy,logistic_regression,Classical,mean,0.9640762463343109,0.9592585696500159,0.9560721771182153,0.9640762463343109,0.9081267217630854,0.026111841201782227,MAR,10,cpu,
3.4,taiwan_bankruptcy,random_forest,Classical,mean,0.9699413489736071,0.9634411774678351,0.9622902253796124,0.9699413489736071,0.9395833333333332,0.2776763439178467,MAR,10,cpu,
3.4,taiwan_bankruptcy,logistic_regression,Classical,median,0.9640762463343109,0.9592585696500159,0.9560721771182153,0.9640762463343109,0.9059228650137742,0.028797626495361328,MAR,10,cpu,
3.4,taiwan_bankruptcy,random_forest,Classical,median,0.969208211143695,0.9614178050518054,0.96036866359447,0.969208211143695,0.9221504820936639,0.2697887420654297,MAR,10,cpu,
3.4,taiwan_bankruptcy,logistic_regression,Classical,knn,0.9626099706744868,0.9561562781579014,0.9518330811295528,0.9626099706744868,0.884400826446281,0.026342391967773438,MAR,10,cpu,
3.4,taiwan_bankruptcy,random_forest,Classical,knn,0.967008797653959,0.9598744630744529,0.9570582741322695,0.967008797653959,0.9288481404958677,0.2949104309082031,MAR,10,cpu,
3.4,taiwan_bankruptcy,logistic_regression,Classical,mean,0.9618768328445748,0.9595049705822682,0.9575195103508296,0.9618768328445748,0.9139634986225895,0.022905826568603516,MAR,15,cpu,
3.4,taiwan_bankruptcy,random_forest,Classical,mean,0.967741935483871,0.9603843239670488,0.9580262276251555,0.967741935483871,0.9350637052341597,0.289569616317749,MAR,15,cpu,
3.4,taiwan_bankruptcy,logistic_regression,Classical,median,0.9604105571847508,0.9573746437323786,0.9548550566695728,0.9604105571847508,0.909194214876033,0.024610280990600586,MAR,15,cpu,
3.4,taiwan_bankruptcy,random_forest,Classical,median,0.968475073313783,0.9608986887703438,0.9591206548857378,0.968475073313783,0.9292527548209366,0.28295159339904785,MAR,15,cpu,
3.4,taiwan_bankruptcy,logistic_regression,Classical,knn,0.9611436950146628,0.957261372459437,0.9542187949156992,0.9611436950146628,0.9068698347107439,0.021961688995361328,MAR,15,cpu,
3.4,taiwan_bankruptcy,random_forest,Classical,knn,0.968475073313783,0.9616578202711441,0.959674249755941,0.968475073313783,0.9141873278236915,0.3069727420806885,MAR,15,cpu,
3.4,taiwan_bankruptcy,logistic_regression,Classical,mean,0.9611436950146628,0.9578713487267408,0.9552307431696633,0.9611436950146628,0.909400826446281,0.020121335983276367,MAR,20,cpu,
3.4,taiwan_bankruptcy,random_forest,Classical,mean,0.9706744868035191,0.9632550524302907,0.963389656938044,0.9706744868035191,0.9299070247933885,0.30600500106811523,MAR,20,cpu,
3.4,taiwan_bankruptcy,logistic_regression,Classical,median,0.9604105571847508,0.9573746437323786,0.9548550566695728,0.9604105571847508,0.9057851239669421,0.02416396141052246,MAR,20,cpu,
3.4,taiwan_bankruptcy,random_forest,Classical,median,0.9714076246334311,0.9652245346645261,0.9649062010032837,0.9714076246334311,0.946797520661157,0.2964329719543457,MAR,20,cpu,
3.4,taiwan_bankruptcy,logistic_regression,Classical,knn,0.9611436950146628,0.957261372459437,0.9542187949156992,0.9611436950146628,0.909641873278237,0.02192378044128418,MAR,20,cpu,
3.4,taiwan_bankruptcy,random_forest,Classical,knn,0.9706744868035191,0.9632550524302907,0.963389656938044,0.9706744868035191,0.9398502066115703,0.30872488021850586,MAR,20,cpu,
3.4,taiwan_bankruptcy,logistic_regression,Classical,mean,0.9640762463343109,0.9615847945388836,0.959614809788097,0.9640762463343109,0.9174758953168043,0.023674964904785156,MAR,30,cpu,
3.4,taiwan_bankruptcy,random_forest,Classical,mean,0.968475073313783,0.9630337247213677,0.9608598032924889,0.968475073313783,0.9209280303030303,0.27574968338012695,MAR,30,cpu,
3.4,taiwan_bankruptcy,logistic_regression,Classical,median,0.9618768328445748,0.9600282623525973,0.9584250982424322,0.9618768328445748,0.8952307162534436,0.025248289108276367,MAR,30,cpu,
3.4,taiwan_bankruptcy,random_forest,Classical,median,0.967741935483871,0.9618388549840163,0.959389400921659,0.967741935483871,0.9290375344352617,0.26407957077026367,MAR,30,cpu,
3.4,taiwan_bankruptcy,logistic_regression,Classical,knn,0.9618768328445748,0.9595049705822682,0.9575195103508296,0.9618768328445748,0.8940426997245179,0.022638559341430664,MAR,30,cpu,
3.4,taiwan_bankruptcy,random_forest,Classical,knn,0.967741935483871,0.9618388549840163,0.959389400921659,0.967741935483871,0.9309745179063361,0.3299849033355713,MAR,30,cpu,
3.4,taiwan_bankruptcy,logistic_regression,Classical,mean,0.9604105571847508,0.9584908878276971,0.9568003195578012,0.9604105571847508,0.8719955234159781,0.02301764488220215,MAR,40,cpu,
3.4,taiwan_bankruptcy,random_forest,Classical,mean,0.9714076246334311,0.9658686448615639,0.9650911064686539,0.9714076246334311,0.9296143250688705,0.27025890350341797,MAR,40,cpu,
3.4,taiwan_bankruptcy,logistic_regression,Classical,median,0.9589442815249267,0.9574887914777765,0.9561531547449853,0.9589442815249267,0.875025826446281,0.02499675750732422,MAR,40,cpu,
3.4,taiwan_bankruptcy,random_forest,Classical,median,0.9655425219941349,0.9595950014396346,0.9563464422110208,0.9655425219941349,0.9299070247933885,0.2651219367980957,MAR,40,cpu,
3.4,taiwan_bankruptcy,logistic_regression,Classical,knn,0.9596774193548387,0.9585009958732423,0.957410615353403,0.9596774193548387,0.8834280303030305,0.01780533790588379,MAR,40,cpu,
3.4,taiwan_bankruptcy,random_forest,Classical,knn,0.969208211143695,0.9629020158265373,0.9612178923879062,0.969208211143695,0.9198519283746556,0.3668653964996338,MAR,40,cpu,
3.4,taiwan_bankruptcy,logistic_regression,Classical,mean,0.9626099706744868,0.9561562781579014,0.9518330811295528,0.9626099706744868,0.8496900826446281,0.02646613121032715,MNAR,5,cpu,
3.4,taiwan_bankruptcy,random_forest,Classical,mean,0.9721407624633431,0.9643478020916691,0.9668829929375835,0.9721407624633431,0.9295368457300275,0.2755849361419678,MNAR,5,cpu,
3.4,taiwan_bankruptcy,logistic_regression,Classical,median,0.9633431085043989,0.9566350624818366,0.9523905529953919,0.9633431085043989,0.849672865013774,0.0266263484954834,MNAR,5,cpu,
3.4,taiwan_bankruptcy,random_forest,Classical,median,0.9714076246334311,0.9637984285722457,0.9650034070893173,0.9714076246334311,0.9443095730027549,0.268296480178833,MNAR,5,cpu,
3.4,taiwan_bankruptcy,logistic_regression,Classical,knn,0.9611436950146628,0.9544369165170347,0.9495764005888186,0.9611436950146628,0.8545454545454545,0.024207115173339844,MNAR,5,cpu,
3.4,taiwan_bankruptcy,random_forest,Classical,knn,0.968475073313783,0.9608986887703438,0.9591206548857378,0.968475073313783,0.9076876721763085,0.2836916446685791,MNAR,5,cpu,
3.4,taiwan_bankruptcy,logistic_regression,Classical,mean,0.9640762463343109,0.9592585696500159,0.9560721771182153,0.9640762463343109,0.8998536501377412,0.02252364158630371,MNAR,10,cpu,
3.4,taiwan_bankruptcy,random_forest,Classical,mean,0.9699413489736071,0.9647530863622344,0.9631164838332229,0.9699413489736071,0.9313102617079889,0.28923773765563965,MNAR,10,cpu,
3.4,taiwan_bankruptcy,logistic_regression,Classical,median,0.9655425219941349,0.960278434716623,0.9572308454995279,0.9655425219941349,0.8991649449035813,0.022454500198364258,MNAR,10,cpu,
3.4,taiwan_bankruptcy,random_forest,Classical,median,0.9728739002932552,0.967007891861217,0.9675221766269552,0.9728739002932552,0.9428719008264463,0.3011038303375244,MNAR,10,cpu,
3.4,taiwan_bankruptcy,logistic_regression,Classical,knn,0.9618768328445748,0.9564138049107589,0.9524955865832131,0.9618768328445748,0.9022813360881543,0.022953510284423828,MNAR,10,cpu,
3.4,taiwan_bankruptcy,random_forest,Classical,knn,0.9714076246334311,0.9652245346645261,0.9649062010032837,0.9714076246334311,0.9394714187327824,0.29366159439086914,MNAR,10,cpu,
3.4,taiwan_bankruptcy,logistic_regression,Classical,mean,0.9633431085043989,0.9599722483014895,0.9574309619383857,0.9633431085043989,0.8994490358126722,0.025829076766967773,MNAR,15,cpu,
3.4,taiwan_bankruptcy,random_forest,Classical,mean,0.9706744868035191,0.9632550524302907,0.963389656938044,0.9706744868035191,0.9328168044077135,0.2870066165924072,MNAR,15,cpu,
3.4,taiwan_bankruptcy,logistic_regression,Classical,median,0.9626099706744868,0.9575956541255267,0.9540591197089787,0.9626099706744868,0.8991046831955923,0.027106285095214844,MNAR,15,cpu,
3.4,taiwan_bankruptcy,random_forest,Classical,median,0.9714076246334311,0.9652245346645261,0.9649062010032837,0.9714076246334311,0.940607782369146,0.27190327644348145,MNAR,15,cpu,
3.4,taiwan_bankruptcy,logistic_regression,Classical,knn,0.9648093841642229,0.959766589148393,0.956628149574707,0.9648093841642229,0.8961949035812672,0.025002717971801758,MNAR,15,cpu,
3.4,taiwan_bankruptcy,random_forest,Classical,knn,0.968475073313783,0.9616578202711441,0.959674249755941,0.968475073313783,0.9151342975206611,0.3093752861022949,MNAR,15,cpu,
3.4,taiwan_bankruptcy,logistic_regression,Classical,mean,0.9655425219941349,0.9620997076527084,0.9597305370511554,0.9655425219941349,0.8982007575757577,0.024047374725341797,MNAR,20,cpu,
3.4,taiwan_bankruptcy,random_forest,Classical,mean,0.9699413489736071,0.9634411774678351,0.9622902253796124,0.9699413489736071,0.9215306473829201,0.2799525260925293,MNAR,20,cpu,
3.4,taiwan_bankruptcy,logistic_regression,Classical,median,0.9655425219941349,0.9609214851745049,0.9580852345274518,0.9655425219941349,0.899939738292011,0.027458667755126953,MNAR,20,cpu,
3.4,taiwan_bankruptcy,random_forest,Classical,median,0.968475073313783,0.9630337247213677,0.9608598032924889,0.968475073313783,0.9350464876033058,0.26950860023498535,MNAR,20,cpu,
3.4,taiwan_bankruptcy,logistic_regression,Classical,knn,0.9640762463343109,0.9598904388243821,0.9569981833113059,0.9640762463343109,0.8988378099173554,0.02570509910583496,MNAR,20,cpu,
3.4,taiwan_bankruptcy,random_forest,Classical,knn,0.9714076246334311,0.9645360200475213,0.964856484691966,0.9714076246334311,0.9287620523415978,0.3294076919555664,MNAR,20,cpu,
3.4,taiwan_bankruptcy,logistic_regression,Classical,mean,0.9626099706744868,0.9605436753485719,0.9587999708730793,0.9626099706744868,0.8909951790633609,0.023012161254882812,MNAR,30,cpu,
3.4,taiwan_bankruptcy,random_forest,Classical,mean,0.9714076246334311,0.9652245346645261,0.9649062010032837,0.9714076246334311,0.9401601239669422,0.29741883277893066,MNAR,30,cpu,
3.4,taiwan_bankruptcy,logistic_regression,Classical,median,0.9648093841642229,0.9604040319980028,0.9575215035217928,0.9648093841642229,0.8928374655647383,0.023141145706176758,MNAR,30,cpu,
3.4,taiwan_bankruptcy,random_forest,Classical,median,0.968475073313783,0.9592121936207957,0.9581574994635578,0.968475073313783,0.9429149449035812,0.27141857147216797,MNAR,30,cpu,
3.4,taiwan_bankruptcy,logistic_regression,Classical,knn,0.9648093841642229,0.9610053115688562,0.9583873727199979,0.9648093841642229,0.8720041322314049,0.017057418823242188,MNAR,30,cpu,
3.4,taiwan_bankruptcy,random_forest,Classical,knn,0.9699413489736071,0.9627173544089327,0.961988569788852,0.9699413489736071,0.9224603994490357,0.3408346176147461,MNAR,30,cpu,
3.4,taiwan_bankruptcy,logistic_regression,Classical,mean,0.9611436950146628,0.9617620809958144,0.9624122334562702,0.9611436950146628,0.8911415289256198,0.022441625595092773,MNAR,40,cpu,
3.4,taiwan_bankruptcy,random_forest,Classical,mean,0.9699413489736071,0.9647530863622344,0.9631164838332229,0.9699413489736071,0.9428030303030303,0.28150367736816406,MNAR,40,cpu,
3.4,taiwan_bankruptcy,logistic_regression,Classical,median,0.9626099706744868,0.9615191052642793,0.9605256176163053,0.9626099706744868,0.8927772038567494,0.02275681495666504,MNAR,40,cpu,
3.4,taiwan_bankruptcy,random_forest,Classical,median,0.9706744868035191,0.9653080499854694,0.9640552995391705,0.9706744868035191,0.9285382231404959,0.2589757442474365,MNAR,40,cpu,
3.4,taiwan_bankruptcy,logistic_regression,Classical,knn,0.9604105571847508,0.9604105571847508,0.9604105571847508,0.9604105571847508,0.8756284435261708,0.0264129638671875,MNAR,40,cpu,
3.4,taiwan_bankruptcy,random_forest,Classical,knn,0.968475073313783,0.9636589934641444,0.9614792084364833,0.968475073313783,0.9421918044077136,0.3588252067565918,MNAR,40,cpu,
3.4,polish_1year,logistic_regression,Classical,mean,0.9615931721194879,0.9441237591684464,0.9444971287076551,0.9615931721194879,0.6710292022792022,0.01640009880065918,native,0,cpu,
3.4,polish_1year,random_forest,Classical,mean,0.9793741109530584,0.9760384215856475,0.9790527904340355,0.9793741109530584,0.9369863576594346,0.36162495613098145,native,0,cpu,
3.4,polish_1year,logistic_regression,Classical,median,0.9615931721194879,0.9441237591684464,0.9444971287076551,0.9615931721194879,0.6700841003725619,0.016258716583251953,native,0,cpu,
3.4,polish_1year,random_forest,Classical,median,0.9694167852062588,0.9595401650351548,0.970359493619256,0.9694167852062588,0.9359864672364672,0.36075496673583984,native,0,cpu,
3.4,polish_1year,logistic_regression,Classical,knn,0.9608819345661451,0.9437438202363219,0.9380701179853372,0.9608819345661451,0.6714538132807364,0.015291690826416016,native,0,cpu,
3.4,polish_1year,random_forest,Classical,knn,0.9630156472261735,0.946193249569615,0.9643854380696486,0.9630156472261735,0.8241562568485644,0.382871150970459,native,0,cpu,
3.4,polish_1year,logistic_regression,Classical,mean,0.9615931721194879,0.9441237591684464,0.9444971287076551,0.9615931721194879,0.6662352071005917,0.016088485717773438,MCAR,5,cpu,
3.4,polish_1year,random_forest,Classical,mean,0.965149359886202,0.9509876330832011,0.9663682616460707,0.965149359886202,0.9332470414201183,0.3588273525238037,MCAR,5,cpu,
3.4,polish_1year,logistic_regression,Classical,median,0.9615931721194879,0.9441237591684464,0.9444971287076551,0.9615931721194879,0.6672214003944773,0.01578497886657715,MCAR,5,cpu,
3.4,polish_1year,random_forest,Classical,median,0.9630156472261735,0.946193249569615,0.9643854380696486,0.9630156472261735,0.9198238549200088,0.3621361255645752,MCAR,5,cpu,
3.4,polish_1year,logistic_regression,Classical,knn,0.9615931721194879,0.9441237591684464,0.9444971287076551,0.9615931721194879,0.6697690664036817,0.01772141456604004,MCAR,5,cpu,
3.4,polish_1year,random_forest,Classical,knn,0.9623044096728307,0.9445043150100134,0.9637263785606173,0.9623044096728307,0.8625013697129083,0.35819053649902344,MCAR,5,cpu,
3.4,polish_1year,logistic_regression,Classical,mean,0.9615931721194879,0.9441237591684464,0.9444971287076551,0.9615931721194879,0.6639340894148585,0.01758575439453125,MCAR,10,cpu,
3.4,polish_1year,random_forest,Classical,mean,0.965149359886202,0.9509876330832011,0.9663682616460707,0.965149359886202,0.9188376616261231,0.331939697265625,MCAR,10,cpu,
3.4,polish_1year,logistic_regression,Classical,median,0.9615931721194879,0.9441237591684464,0.9444971287076551,0.9615931721194879,0.6659612645189568,0.016438007354736328,MCAR,10,cpu,
3.4,polish_1year,random_forest,Classical,median,0.9623044096728307,0.9457894995004559,0.9515577775321932,0.9623044096728307,0.8868343195266273,0.3563356399536133,MCAR,10,cpu,
3.4,polish_1year,logistic_regression,Classical,knn,0.9615931721194879,0.9441237591684464,0.9444971287076551,0.9615931721194879,0.6631807473153627,0.018524885177612305,MCAR,10,cpu,
3.4,polish_1year,random_forest,Classical,knn,0.9615931721194879,0.9441237591684464,0.9444971287076551,0.9615931721194879,0.8587757506026736,0.3816804885864258,MCAR,10,cpu,
3.4,polish_1year,logistic_regression,Classical,mean,0.9615931721194879,0.9441237591684464,0.9444971287076551,0.9615931721194879,0.6754807692307693,0.016941308975219727,MCAR,15,cpu,
3.4,polish_1year,random_forest,Classical,mean,0.9637268847795164,0.9478351787645894,0.9650454370790493,0.9637268847795164,0.8876287530133683,0.3440570831298828,MCAR,15,cpu,
3.4,polish_1year,logistic_regression,Classical,median,0.9615931721194879,0.9441237591684464,0.9444971287076551,0.9615931721194879,0.6736042625465702,0.016668319702148438,MCAR,15,cpu,
3.4,polish_1year,random_forest,Classical,median,0.9608819345661451,0.9424101382179385,0.9246351427284186,0.9608819345661451,0.8572827635327636,0.3574187755584717,MCAR,15,cpu,
3.4,polish_1year,logistic_regression,Classical,knn,0.9615931721194879,0.9441237591684464,0.9444971287076551,0.9615931721194879,0.6711113850536927,0.01819753646850586,MCAR,15,cpu,
3.4,polish_1year,random_forest,Classical,knn,0.9623044096728307,0.9445043150100134,0.9637263785606173,0.9623044096728307,0.8308336072759148,0.40166258811950684,MCAR,15,cpu,
3.4,polish_1year,logistic_regression,Classical,mean,0.9608819345661451,0.9437438202363219,0.9380701179853372,0.9608819345661451,0.7036009752355905,0.01962590217590332,MCAR,20,cpu,
3.4,polish_1year,random_forest,Classical,mean,0.9623044096728307,0.9445043150100134,0.9637263785606173,0.9623044096728307,0.876938143765067,0.32956671714782715,MCAR,20,cpu,
3.4,polish_1year,logistic_regression,Classical,median,0.9608819345661451,0.9437438202363219,0.9380701179853372,0.9608819345661451,0.7054226934034626,0.017794132232666016,MCAR,20,cpu,
3.4,polish_1year,random_forest,Classical,median,0.9630156472261735,0.946193249569615,0.9643854380696486,0.9630156472261735,0.8481262327416174,0.3589949607849121,MCAR,20,cpu,
3.4,polish_1year,logistic_regression,Classical,knn,0.9608819345661451,0.9437438202363219,0.9380701179853372,0.9608819345661451,0.703368124041201,0.016434192657470703,MCAR,20,cpu,
3.4,polish_1year,random_forest,Classical,knn,0.9615931721194879,0.9427657496051832,0.9246614286668191,0.9615931721194879,0.8040009314047775,0.3939039707183838,MCAR,20,cpu,
3.4,polish_1year,logistic_regression,Classical,mean,0.9608819345661451,0.9437438202363219,0.9380701179853372,0.9608819345661451,0.6851509423624808,0.016447067260742188,MCAR,30,cpu,
3.4,polish_1year,random_forest,Classical,mean,0.9630156472261735,0.946193249569615,0.9643854380696486,0.9630156472261735,0.8333949704142012,0.32742857933044434,MCAR,30,cpu,
3.4,polish_1year,logistic_regression,Classical,median,0.9608819345661451,0.9437438202363219,0.9380701179853372,0.9608819345661451,0.692807637519176,0.014832496643066406,MCAR,30,cpu,
3.4,polish_1year,random_forest,Classical,median,0.9623044096728307,0.9445043150100134,0.9637263785606173,0.9623044096728307,0.8232111549419241,0.3567042350769043,MCAR,30,cpu,
3.4,polish_1year,logistic_regression,Classical,knn,0.9608819345661451,0.9437438202363219,0.9380701179853372,0.9608819345661451,0.6838634122287968,0.016941070556640625,MCAR,30,cpu,
3.4,polish_1year,random_forest,Classical,knn,0.9623044096728307,0.9445043150100134,0.9637263785606173,0.9623044096728307,0.7514039557308789,0.43167877197265625,MCAR,30,cpu,
3.4,polish_1year,logistic_regression,Classical,mean,0.9601706970128022,0.9433644526701712,0.934843639344728,0.9601706970128022,0.6952594236248082,0.019916534423828125,MCAR,40,cpu,
3.4,polish_1year,random_forest,Classical,mean,0.9623044096728307,0.9445043150100134,0.9637263785606173,0.9623044096728307,0.8127396997589306,0.3400251865386963,MCAR,40,cpu,
3.4,polish_1year,logistic_regression,Classical,median,0.9608819345661451,0.9437438202363219,0.9380701179853372,0.9608819345661451,0.7137916392724085,0.018200159072875977,MCAR,40,cpu,
3.4,polish_1year,random_forest,Classical,median,0.9623044096728307,0.9445043150100134,0.9637263785606173,0.9623044096728307,0.7751616261231646,0.3588128089904785,MCAR,40,cpu,
3.4,polish_1year,logistic_regression,Classical,knn,0.9608819345661451,0.9437438202363219,0.9380701179853372,0.9608819345661451,0.7031900613631383,0.022014856338500977,MCAR,40,cpu,
3.4,polish_1year,random_forest,Classical,knn,0.9623044096728307,0.9445043150100134,0.9637263785606173,0.9623044096728307,0.7487056213017752,0.4836859703063965,MCAR,40,cpu,
3.4,polish_1year,logistic_regression,Classical,mean,0.9587482219061166,0.9426072645472889,0.9315911400121927,0.9587482219061166,0.6813979289940827,0.015375852584838867,MAR,5,cpu,
3.4,polish_1year,random_forest,Classical,mean,0.9701280227596017,0.9615598728822967,0.9689338677541944,0.9701280227596017,0.9379040653079115,0.363400936126709,MAR,5,cpu,
3.4,polish_1year,logistic_regression,Classical,median,0.9587482219061166,0.9426072645472889,0.9315911400121927,0.9587482219061166,0.6824526079333771,0.014018058776855469,MAR,5,cpu,
3.4,polish_1year,random_forest,Classical,median,0.965149359886202,0.9509876330832011,0.9663682616460707,0.965149359886202,0.9265491452991453,0.376847505569458,MAR,5,cpu,
3.4,polish_1year,logistic_regression,Classical,knn,0.9594594594594594,0.9429856139947441,0.9328973513127687,0.9594594594594594,0.6781722550953321,0.015259504318237305,MAR,5,cpu,
3.4,polish_1year,random_forest,Classical,knn,0.9644381223328592,0.9494325470269388,0.9657063775991622,0.9644381223328592,0.8843482905982906,0.3831329345703125,MAR,5,cpu,
3.4,polish_1year,logistic_regression,Classical,mean,0.9594594594594594,0.9429856139947441,0.9328973513127687,0.9594594594594594,0.683856563664256,0.017008066177368164,MAR,10,cpu,
3.4,polish_1year,random_forest,Classical,mean,0.9658605974395448,0.9534815099093538,0.962870906822793,0.9658605974395448,0.9239877821608591,0.3484041690826416,MAR,10,cpu,
3.4,polish_1year,logistic_regression,Classical,median,0.9601706970128022,0.9433644526701712,0.934843639344728,0.9601706970128022,0.6883423734385273,0.013941526412963867,MAR,10,cpu,
3.4,polish_1year,random_forest,Classical,median,0.9637268847795164,0.948987128311087,0.9580005340627452,0.9637268847795164,0.8901010848126232,0.3716442584991455,MAR,10,cpu,
3.4,polish_1year,logistic_regression,Classical,knn,0.9601706970128022,0.9433644526701712,0.934843639344728,0.9601706970128022,0.6839182007451239,0.015342235565185547,MAR,10,cpu,
3.4,polish_1year,random_forest,Classical,knn,0.9637268847795164,0.948987128311087,0.9580005340627452,0.9637268847795164,0.8721578457155381,0.38285303115844727,MAR,10,cpu,
3.4,polish_1year,logistic_regression,Classical,mean,0.9594594594594594,0.9429856139947441,0.9328973513127687,0.9594594594594594,0.6936363138286215,0.01712179183959961,MAR,15,cpu,
3.4,polish_1year,random_forest,Classical,mean,0.9630156472261735,0.947409848908016,0.9554187981810176,0.9630156472261735,0.9068663708086786,0.35888028144836426,MAR,15,cpu,
3.4,polish_1year,logistic_regression,Classical,median,0.9594594594594594,0.9429856139947441,0.9328973513127687,0.9594594594594594,0.69982741617357,0.015767812728881836,MAR,15,cpu,
3.4,polish_1year,random_forest,Classical,median,0.9623044096728307,0.9457894995004559,0.9515577775321932,0.9623044096728307,0.8595222441376287,0.3738565444946289,MAR,15,cpu,
3.4,polish_1year,logistic_regression,Classical,knn,0.9594594594594594,0.9429856139947441,0.9328973513127687,0.9594594594594594,0.6942663817663818,0.01650691032409668,MAR,15,cpu,
3.4,polish_1year,random_forest,Classical,knn,0.9608819345661451,0.9424101382179385,0.9246351427284186,0.9608819345661451,0.8483796296296295,0.4037954807281494,MAR,15,cpu,
3.4,polish_1year,logistic_regression,Classical,mean,0.9587482219061166,0.9426072645472889,0.9315911400121927,0.9587482219061166,0.7023202936664474,0.01753377914428711,MAR,20,cpu,
3.4,polish_1year,random_forest,Classical,mean,0.9615931721194879,0.9441237591684464,0.9444971287076551,0.9615931721194879,0.8572759149682225,0.3462533950805664,MAR,20,cpu,
3.4,polish_1year,logistic_regression,Classical,median,0.9580369843527738,0.9422293672469859,0.9306506708786533,0.9580369843527738,0.7023271422309885,0.014856100082397461,MAR,20,cpu,
3.4,polish_1year,random_forest,Classical,median,0.9630156472261735,0.946193249569615,0.9643854380696486,0.9630156472261735,0.8280667872014026,0.36325645446777344,MAR,20,cpu,
3.4,polish_1year,logistic_regression,Classical,knn,0.9587482219061166,0.9426072645472889,0.9315911400121927,0.9587482219061166,0.6981015779092703,0.014107227325439453,MAR,20,cpu,
3.4,polish_1year,random_forest,Classical,knn,0.9623044096728307,0.9445043150100134,0.9637263785606173,0.9623044096728307,0.815985919351304,0.4099917411804199,MAR,20,cpu,
3.4,polish_1year,logistic_regression,Classical,mean,0.9594594594594594,0.9429856139947441,0.9328973513127687,0.9594594594594594,0.7140655818540435,0.012961864471435547,MAR,30,cpu,
3.4,polish_1year,random_forest,Classical,mean,0.9615931721194879,0.9441237591684464,0.9444971287076551,0.9615931721194879,0.8400723208415516,0.36182284355163574,MAR,30,cpu,
3.4,polish_1year,logistic_regression,Classical,median,0.9601706970128022,0.9433644526701712,0.934843639344728,0.9601706970128022,0.7156339031339032,0.014783143997192383,MAR,30,cpu,
3.4,polish_1year,random_forest,Classical,median,0.9615931721194879,0.9441237591684464,0.9444971287076551,0.9615931721194879,0.8071718167872013,0.37354254722595215,MAR,30,cpu,
3.4,polish_1year,logistic_regression,Classical,knn,0.9601706970128022,0.9433644526701712,0.934843639344728,0.9601706970128022,0.7174008327854481,0.01510763168334961,MAR,30,cpu,
3.4,polish_1year,random_forest,Classical,knn,0.9615931721194879,0.9427657496051832,0.9246614286668191,0.9615931721194879,0.7817773394696471,0.42137908935546875,MAR,30,cpu,
3.4,polish_1year,logistic_regression,Classical,mean,0.9587482219061166,0.9437901578071358,0.9354274649621385,0.9587482219061166,0.738631382862152,0.015507221221923828,MAR,40,cpu,
3.4,polish_1year,random_forest,Classical,mean,0.9615931721194879,0.9441237591684464,0.9444971287076551,0.9615931721194879,0.7948033092263861,0.3428220748901367,MAR,40,cpu,
3.4,polish_1year,logistic_regression,Classical,median,0.9594594594594594,0.9441876937809863,0.9368247038011155,0.9594594594594594,0.7367343304843306,0.014398574829101562,MAR,40,cpu,
3.4,polish_1year,random_forest,Classical,median,0.9615931721194879,0.9441237591684464,0.9444971287076551,0.9615931721194879,0.7409667433705895,0.35754990577697754,MAR,40,cpu,
3.4,polish_1year,logistic_regression,Classical,knn,0.9601706970128022,0.9445863243904858,0.9386791302580777,0.9601706970128022,0.7424117904887136,0.01412820816040039,MAR,40,cpu,
3.4,polish_1year,random_forest,Classical,knn,0.9623044096728307,0.9445043150100134,0.9637263785606173,0.9623044096728307,0.7889340894148587,0.44821929931640625,MAR,40,cpu,
3.4,polish_1year,logistic_regression,Classical,mean,0.9623044096728307,0.9445043150100134,0.9637263785606173,0.9623044096728307,0.6808705895244358,0.01707291603088379,MNAR,5,cpu,
3.4,polish_1year,random_forest,Classical,mean,0.9665718349928877,0.9539793264509887,0.9676948684134268,0.9665718349928877,0.9378698224852071,0.3586752414703369,MNAR,5,cpu,
3.4,polish_1year,logistic_regression,Classical,median,0.9623044096728307,0.9445043150100134,0.9637263785606173,0.9623044096728307,0.6800213675213675,0.017203807830810547,MNAR,5,cpu,
3.4,polish_1year,random_forest,Classical,median,0.9630156472261735,0.9496049690684665,0.9518935300785313,0.9630156472261735,0.896812678062678,0.37917470932006836,MNAR,5,cpu,
3.4,polish_1year,logistic_regression,Classical,knn,0.9623044096728307,0.9445043150100134,0.9637263785606173,0.9623044096728307,0.680541858426474,0.018716812133789062,MNAR,5,cpu,
3.4,polish_1year,random_forest,Classical,knn,0.9630156472261735,0.947409848908016,0.9554187981810176,0.9630156472261735,0.8583511396011395,0.3860294818878174,MNAR,5,cpu,
3.4,polish_1year,logistic_regression,Classical,mean,0.9601706970128022,0.9433644526701712,0.934843639344728,0.9601706970128022,0.6874589086127547,0.017345190048217773,MNAR,10,cpu,
3.4,polish_1year,random_forest,Classical,mean,0.9665718349928877,0.9539793264509887,0.9676948684134268,0.9665718349928877,0.9084415406530791,0.3341543674468994,MNAR,10,cpu,
3.4,polish_1year,logistic_regression,Classical,median,0.9615931721194879,0.9441237591684464,0.9444971287076551,0.9615931721194879,0.6839935349550734,0.015001535415649414,MNAR,10,cpu,
3.4,polish_1year,random_forest,Classical,median,0.9630156472261735,0.947409848908016,0.9554187981810176,0.9630156472261735,0.8905119986850756,0.3920156955718994,MNAR,10,cpu,
3.4,polish_1year,logistic_regression,Classical,knn,0.9608819345661451,0.9437438202363219,0.9380701179853372,0.9608819345661451,0.6775627328511944,0.018276691436767578,MNAR,10,cpu,
3.4,polish_1year,random_forest,Classical,knn,0.9623044096728307,0.9457894995004559,0.9515577775321932,0.9623044096728307,0.8544337606837606,0.38361525535583496,MNAR,10,cpu,
3.4,polish_1year,logistic_regression,Classical,mean,0.9594594594594594,0.9429856139947441,0.9328973513127687,0.9594594594594594,0.6933212798597413,0.018909692764282227,MNAR,15,cpu,
3.4,polish_1year,random_forest,Classical,mean,0.965149359886202,0.9520209999169881,0.9615208354909646,0.965149359886202,0.9018669186938418,0.35184478759765625,MNAR,15,cpu,
3.4,polish_1year,logistic_regression,Classical,median,0.9594594594594594,0.9429856139947441,0.9328973513127687,0.9594594594594594,0.6974441157133464,0.017740964889526367,MNAR,15,cpu,
3.4,polish_1year,random_forest,Classical,median,0.9637268847795164,0.9478351787645894,0.9650454370790493,0.9637268847795164,0.8721304514573744,0.3608438968658447,MNAR,15,cpu,
3.4,polish_1year,logistic_regression,Classical,knn,0.9601706970128022,0.9433644526701712,0.934843639344728,0.9601706970128022,0.6984029147490686,0.018764257431030273,MNAR,15,cpu,
3.4,polish_1year,random_forest,Classical,knn,0.9615931721194879,0.9441237591684464,0.9444971287076551,0.9615931721194879,0.7990357221126452,0.43027162551879883,MNAR,15,cpu,
3.4,polish_1year,logistic_regression,Classical,mean,0.9601706970128022,0.9433644526701712,0.934843639344728,0.9601706970128022,0.6969647161954854,0.01812911033630371,MNAR,20,cpu,
3.4,polish_1year,random_forest,Classical,mean,0.9615931721194879,0.9441237591684464,0.9444971287076551,0.9615931721194879,0.9106193841770764,0.3246176242828369,MNAR,20,cpu,
3.4,polish_1year,logistic_regression,Classical,median,0.9601706970128022,0.9433644526701712,0.934843639344728,0.9601706970128022,0.6967181678720141,0.015757083892822266,MNAR,20,cpu,
3.4,polish_1year,random_forest,Classical,median,0.9623044096728307,0.9457894995004559,0.9515577775321932,0.9623044096728307,0.8411543940390094,0.3671553134918213,MNAR,20,cpu,
3.4,polish_1year,logistic_regression,Classical,knn,0.9601706970128022,0.9433644526701712,0.934843639344728,0.9601706970128022,0.6924720578566733,0.017964601516723633,MNAR,20,cpu,
3.4,polish_1year,random_forest,Classical,knn,0.9608819345661451,0.9424101382179385,0.9246351427284186,0.9608819345661451,0.7942211812404121,0.44576454162597656,MNAR,20,cpu,
3.4,polish_1year,logistic_regression,Classical,mean,0.9608819345661451,0.9437438202363219,0.9380701179853372,0.9608819345661451,0.7046693513039667,0.01896500587463379,MNAR,30,cpu,
3.4,polish_1year,random_forest,Classical,mean,0.9615931721194879,0.9441237591684464,0.9444971287076551,0.9615931721194879,0.8676925816348894,0.3407118320465088,MNAR,30,cpu,
3.4,polish_1year,logistic_regression,Classical,median,0.9608819345661451,0.9437438202363219,0.9380701179853372,0.9608819345661451,0.7054637847907078,0.019881725311279297,MNAR,30,cpu,
3.4,polish_1year,random_forest,Classical,median,0.9623044096728307,0.9457894995004559,0.9515577775321932,0.9623044096728307,0.8353262656147271,0.3674342632293701,MNAR,30,cpu,
3.4,polish_1year,logistic_regression,Classical,knn,0.9615931721194879,0.9441237591684464,0.9444971287076551,0.9615931721194879,0.7039639491562568,0.016587018966674805,MNAR,30,cpu,
3.4,polish_1year,random_forest,Classical,knn,0.9630156472261735,0.947409848908016,0.9554187981810176,0.9630156472261735,0.8071307253999562,0.4325387477874756,MNAR,30,cpu,
3.4,polish_1year,logistic_regression,Classical,mean,0.9615931721194879,0.9441237591684464,0.9444971287076551,0.9615931721194879,0.6435322156476002,0.025174856185913086,MNAR,40,cpu,
3.4,polish_1year,random_forest,Classical,mean,0.9615931721194879,0.9441237591684464,0.9444971287076551,0.9615931721194879,0.8145066294104756,0.33268284797668457,MNAR,40,cpu,
3.4,polish_1year,logistic_regression,Classical,median,0.9615931721194879,0.9441237591684464,0.9444971287076551,0.9615931721194879,0.6441211921981153,0.018991947174072266,MNAR,40,cpu,
3.4,polish_1year,random_forest,Classical,median,0.9623044096728307,0.9457894995004559,0.9515577775321932,0.9623044096728307,0.7824758930528161,0.3472633361816406,MNAR,40,cpu,
3.4,polish_1year,logistic_regression,Classical,knn,0.9615931721194879,0.9441237591684464,0.9444971287076551,0.9615931721194879,0.6644477317554242,0.018585920333862305,MNAR,40,cpu,
3.4,polish_1year,random_forest,Classical,knn,0.9630156472261735,0.947409848908016,0.9554187981810176,0.9630156472261735,0.7339469647161956,0.42096519470214844,MNAR,40,cpu,
3.4,slovak_manufacture_13,logistic_regression,Classical,mean,0.9914841849148418,0.9884558275998911,0.9854459133867369,0.9914841849148418,0.9867238562091504,0.0073337554931640625,native,0,cpu,
3.4,slovak_manufacture_13,random_forest,Classical,mean,0.9951338199513382,0.9946501800248372,0.9945344707583031,0.9951338199513382,0.9973447712418301,0.14589834213256836,native,0,cpu,
3.4,slovak_manufacture_13,logistic_regression,Classical,median,0.9914841849148418,0.9884558275998911,0.9854459133867369,0.9914841849148418,0.9953022875816994,0.008174896240234375,native,0,cpu,
3.4,slovak_manufacture_13,random_forest,Classical,median,0.9914841849148418,0.9910997098252653,0.9907602140642728,0.9914841849148418,0.9959150326797386,0.1581284999847412,native,0,cpu,
3.4,slovak_manufacture_13,logistic_regression,Classical,knn,0.9914841849148418,0.9910997098252653,0.9907602140642728,0.9914841849148418,0.991625816993464,0.006374835968017578,native,0,cpu,
3.4,slovak_manufacture_13,random_forest,Classical,knn,0.9951338199513382,0.9951338199513382,0.9951338199513382,0.9951338199513382,0.9971405228758169,0.14960980415344238,native,0,cpu,
3.4,slovak_manufacture_13,logistic_regression,Classical,mean,0.9914841849148418,0.9884558275998911,0.9854459133867369,0.9914841849148418,0.9867238562091504,0.00748133659362793,MCAR,5,cpu,
3.4,slovak_manufacture_13,random_forest,Classical,mean,0.9951338199513382,0.9946501800248372,0.9945344707583031,0.9951338199513382,0.9973447712418301,0.14986777305603027,MCAR,5,cpu,
3.4,slovak_manufacture_13,logistic_regression,Classical,median,0.9914841849148418,0.9884558275998911,0.9854459133867369,0.9914841849148418,0.9953022875816994,0.007961273193359375,MCAR,5,cpu,
3.4,slovak_manufacture_13,random_forest,Classical,median,0.9914841849148418,0.9910997098252653,0.9907602140642728,0.9914841849148418,0.9959150326797386,0.14757084846496582,MCAR,5,cpu,
3.4,slovak_manufacture_13,logistic_regression,Classical,knn,0.9914841849148418,0.9910997098252653,0.9907602140642728,0.9914841849148418,0.991625816993464,0.006606101989746094,MCAR,5,cpu,
3.4,slovak_manufacture_13,random_forest,Classical,knn,0.9951338199513382,0.9951338199513382,0.9951338199513382,0.9951338199513382,0.9971405228758169,0.13573455810546875,MCAR,5,cpu,
3.4,slovak_manufacture_13,logistic_regression,Classical,mean,0.9914841849148418,0.9884558275998911,0.9854459133867369,0.9914841849148418,0.9867238562091504,0.007376670837402344,MCAR,10,cpu,
3.4,slovak_manufacture_13,random_forest,Classical,mean,0.9951338199513382,0.9946501800248372,0.9945344707583031,0.9951338199513382,0.9973447712418301,0.14704036712646484,MCAR,10,cpu,
3.4,slovak_manufacture_13,logistic_regression,Classical,median,0.9914841849148418,0.9884558275998911,0.9854459133867369,0.9914841849148418,0.9953022875816994,0.007692813873291016,MCAR,10,cpu,
3.4,slovak_manufacture_13,random_forest,Classical,median,0.9914841849148418,0.9910997098252653,0.9907602140642728,0.9914841849148418,0.9959150326797386,0.14761972427368164,MCAR,10,cpu,
3.4,slovak_manufacture_13,logistic_regression,Classical,knn,0.9914841849148418,0.9910997098252653,0.9907602140642728,0.9914841849148418,0.991625816993464,0.006995439529418945,MCAR,10,cpu,
3.4,slovak_manufacture_13,random_forest,Classical,knn,0.9951338199513382,0.9951338199513382,0.9951338199513382,0.9951338199513382,0.9971405228758169,0.1480100154876709,MCAR,10,cpu,
3.4,slovak_manufacture_13,logistic_regression,Classical,mean,0.9914841849148418,0.9884558275998911,0.9854459133867369,0.9914841849148418,0.9867238562091504,0.0071027278900146484,MCAR,15,cpu,
3.4,slovak_manufacture_13,random_forest,Classical,mean,0.9951338199513382,0.9946501800248372,0.9945344707583031,0.9951338199513382,0.9973447712418301,0.14660930633544922,MCAR,15,cpu,
3.4,slovak_manufacture_13,logistic_regression,Classical,median,0.9914841849148418,0.9884558275998911,0.9854459133867369,0.9914841849148418,0.9953022875816994,0.008191823959350586,MCAR,15,cpu,
3.4,slovak_manufacture_13,random_forest,Classical,median,0.9914841849148418,0.9910997098252653,0.9907602140642728,0.9914841849148418,0.9959150326797386,0.13801169395446777,MCAR,15,cpu,
3.4,slovak_manufacture_13,logistic_regression,Classical,knn,0.9914841849148418,0.9910997098252653,0.9907602140642728,0.9914841849148418,0.991625816993464,0.006764411926269531,MCAR,15,cpu,
3.4,slovak_manufacture_13,random_forest,Classical,knn,0.9951338199513382,0.9951338199513382,0.9951338199513382,0.9951338199513382,0.9971405228758169,0.13379812240600586,MCAR,15,cpu,
3.4,slovak_manufacture_13,logistic_regression,Classical,mean,0.9914841849148418,0.9884558275998911,0.9854459133867369,0.9914841849148418,0.9867238562091504,0.008056640625,MCAR,20,cpu,
3.4,slovak_manufacture_13,random_forest,Classical,mean,0.9951338199513382,0.9946501800248372,0.9945344707583031,0.9951338199513382,0.9973447712418301,0.14738035202026367,MCAR,20,cpu,
3.4,slovak_manufacture_13,logistic_regression,Classical,median,0.9914841849148418,0.9884558275998911,0.9854459133867369,0.9914841849148418,0.9953022875816994,0.007745027542114258,MCAR,20,cpu,
3.4,slovak_manufacture_13,random_forest,Classical,median,0.9914841849148418,0.9910997098252653,0.9907602140642728,0.9914841849148418,0.9959150326797386,0.14808440208435059,MCAR,20,cpu,
3.4,slovak_manufacture_13,logistic_regression,Classical,knn,0.9914841849148418,0.9910997098252653,0.9907602140642728,0.9914841849148418,0.991625816993464,0.007114410400390625,MCAR,20,cpu,
3.4,slovak_manufacture_13,random_forest,Classical,knn,0.9951338199513382,0.9951338199513382,0.9951338199513382,0.9951338199513382,0.9971405228758169,0.1423330307006836,MCAR,20,cpu,
3.4,slovak_manufacture_13,logistic_regression,Classical,mean,0.9914841849148418,0.9884558275998911,0.9854459133867369,0.9914841849148418,0.9867238562091504,0.007427215576171875,MCAR,30,cpu,
3.4,slovak_manufacture_13,random_forest,Classical,mean,0.9951338199513382,0.9946501800248372,0.9945344707583031,0.9951338199513382,0.9973447712418301,0.1484835147857666,MCAR,30,cpu,
3.4,slovak_manufacture_13,logistic_regression,Classical,median,0.9914841849148418,0.9884558275998911,0.9854459133867369,0.9914841849148418,0.9953022875816994,0.008050680160522461,MCAR,30,cpu,
3.4,slovak_manufacture_13,random_forest,Classical,median,0.9914841849148418,0.9910997098252653,0.9907602140642728,0.9914841849148418,0.9959150326797386,0.13827276229858398,MCAR,30,cpu,
3.4,slovak_manufacture_13,logistic_regression,Classical,knn,0.9914841849148418,0.9910997098252653,0.9907602140642728,0.9914841849148418,0.991625816993464,0.0067234039306640625,MCAR,30,cpu,
3.4,slovak_manufacture_13,random_forest,Classical,knn,0.9951338199513382,0.9951338199513382,0.9951338199513382,0.9951338199513382,0.9971405228758169,0.14574527740478516,MCAR,30,cpu,
3.4,slovak_manufacture_13,logistic_regression,Classical,mean,0.9914841849148418,0.9884558275998911,0.9854459133867369,0.9914841849148418,0.9867238562091504,0.007453203201293945,MCAR,40,cpu,
3.4,slovak_manufacture_13,random_forest,Classical,mean,0.9951338199513382,0.9946501800248372,0.9945344707583031,0.9951338199513382,0.9973447712418301,0.1470167636871338,MCAR,40,cpu,
3.4,slovak_manufacture_13,logistic_regression,Classical,median,0.9914841849148418,0.9884558275998911,0.9854459133867369,0.9914841849148418,0.9953022875816994,0.008211135864257812,MCAR,40,cpu,
3.4,slovak_manufacture_13,random_forest,Classical,median,0.9914841849148418,0.9910997098252653,0.9907602140642728,0.9914841849148418,0.9959150326797386,0.1477212905883789,MCAR,40,cpu,
3.4,slovak_manufacture_13,logistic_regression,Classical,knn,0.9914841849148418,0.9910997098252653,0.9907602140642728,0.9914841849148418,0.991625816993464,0.0061833858489990234,MCAR,40,cpu,
3.4,slovak_manufacture_13,random_forest,Classical,knn,0.9951338199513382,0.9951338199513382,0.9951338199513382,0.9951338199513382,0.9971405228758169,0.13619279861450195,MCAR,40,cpu,
3.4,slovak_manufacture_13,logistic_regression,Classical,mean,0.9914841849148418,0.9884558275998911,0.9854459133867369,0.9914841849148418,0.9867238562091504,0.007185935974121094,MAR,5,cpu,
3.4,slovak_manufacture_13,random_forest,Classical,mean,0.9951338199513382,0.9946501800248372,0.9945344707583031,0.9951338199513382,0.9973447712418301,0.1264045238494873,MAR,5,cpu,
3.4,slovak_manufacture_13,logistic_regression,Classical,median,0.9914841849148418,0.9884558275998911,0.9854459133867369,0.9914841849148418,0.9953022875816994,0.008134841918945312,MAR,5,cpu,
3.4,slovak_manufacture_13,random_forest,Classical,median,0.9914841849148418,0.9910997098252653,0.9907602140642728,0.9914841849148418,0.9959150326797386,0.15704703330993652,MAR,5,cpu,
3.4,slovak_manufacture_13,logistic_regression,Classical,knn,0.9914841849148418,0.9910997098252653,0.9907602140642728,0.9914841849148418,0.991625816993464,0.006475687026977539,MAR,5,cpu,
3.4,slovak_manufacture_13,random_forest,Classical,knn,0.9951338199513382,0.9951338199513382,0.9951338199513382,0.9951338199513382,0.9971405228758169,0.12682533264160156,MAR,5,cpu,
3.4,slovak_manufacture_13,logistic_regression,Classical,mean,0.9914841849148418,0.9884558275998911,0.9854459133867369,0.9914841849148418,0.9867238562091504,0.007097721099853516,MAR,10,cpu,
3.4,slovak_manufacture_13,random_forest,Classical,mean,0.9951338199513382,0.9946501800248372,0.9945344707583031,0.9951338199513382,0.9973447712418301,0.14991402626037598,MAR,10,cpu,
3.4,slovak_manufacture_13,logistic_regression,Classical,median,0.9914841849148418,0.9884558275998911,0.9854459133867369,0.9914841849148418,0.9953022875816994,0.007926225662231445,MAR,10,cpu,
3.4,slovak_manufacture_13,random_forest,Classical,median,0.9914841849148418,0.9910997098252653,0.9907602140642728,0.9914841849148418,0.9959150326797386,0.15796160697937012,MAR,10,cpu,
3.4,slovak_manufacture_13,logistic_regression,Classical,knn,0.9914841849148418,0.9910997098252653,0.9907602140642728,0.9914841849148418,0.991625816993464,0.006369590759277344,MAR,10,cpu,
3.4,slovak_manufacture_13,random_forest,Classical,knn,0.9951338199513382,0.9951338199513382,0.9951338199513382,0.9951338199513382,0.9971405228758169,0.13742303848266602,MAR,10,cpu,
3.4,slovak_manufacture_13,logistic_regression,Classical,mean,0.9914841849148418,0.9884558275998911,0.9854459133867369,0.9914841849148418,0.9867238562091504,0.0071446895599365234,MAR,15,cpu,
3.4,slovak_manufacture_13,random_forest,Classical,mean,0.9951338199513382,0.9946501800248372,0.9945344707583031,0.9951338199513382,0.9973447712418301,0.15934062004089355,MAR,15,cpu,
3.4,slovak_manufacture_13,logistic_regression,Classical,median,0.9914841849148418,0.9884558275998911,0.9854459133867369,0.9914841849148418,0.9953022875816994,0.008302688598632812,MAR,15,cpu,
3.4,slovak_manufacture_13,random_forest,Classical,median,0.9914841849148418,0.9910997098252653,0.9907602140642728,0.9914841849148418,0.9959150326797386,0.15682673454284668,MAR,15,cpu,
3.4,slovak_manufacture_13,logistic_regression,Classical,knn,0.9914841849148418,0.9910997098252653,0.9907602140642728,0.9914841849148418,0.991625816993464,0.006882667541503906,MAR,15,cpu,
3.4,slovak_manufacture_13,random_forest,Classical,knn,0.9951338199513382,0.9951338199513382,0.9951338199513382,0.9951338199513382,0.9971405228758169,0.1479182243347168,MAR,15,cpu,
3.4,slovak_manufacture_13,logistic_regression,Classical,mean,0.9914841849148418,0.9884558275998911,0.9854459133867369,0.9914841849148418,0.9867238562091504,0.007248878479003906,MAR,20,cpu,
3.4,slovak_manufacture_13,random_forest,Classical,mean,0.9951338199513382,0.9946501800248372,0.9945344707583031,0.9951338199513382,0.9973447712418301,0.1580188274383545,MAR,20,cpu,
3.4,slovak_manufacture_13,logistic_regression,Classical,median,0.9914841849148418,0.9884558275998911,0.9854459133867369,0.9914841849148418,0.9953022875816994,0.008195877075195312,MAR,20,cpu,
3.4,slovak_manufacture_13,random_forest,Classical,median,0.9914841849148418,0.9910997098252653,0.9907602140642728,0.9914841849148418,0.9959150326797386,0.1392502784729004,MAR,20,cpu,
3.4,slovak_manufacture_13,logistic_regression,Classical,knn,0.9914841849148418,0.9910997098252653,0.9907602140642728,0.9914841849148418,0.991625816993464,0.007007598876953125,MAR,20,cpu,
3.4,slovak_manufacture_13,random_forest,Classical,knn,0.9951338199513382,0.9951338199513382,0.9951338199513382,0.9951338199513382,0.9971405228758169,0.13859319686889648,MAR,20,cpu,
3.4,slovak_manufacture_13,logistic_regression,Classical,mean,0.9914841849148418,0.9884558275998911,0.9854459133867369,0.9914841849148418,0.9867238562091504,0.0073010921478271484,MAR,30,cpu,
3.4,slovak_manufacture_13,random_forest,Classical,mean,0.9951338199513382,0.9946501800248372,0.9945344707583031,0.9951338199513382,0.9973447712418301,0.1472029685974121,MAR,30,cpu,
3.4,slovak_manufacture_13,logistic_regression,Classical,median,0.9914841849148418,0.9884558275998911,0.9854459133867369,0.9914841849148418,0.9953022875816994,0.00804281234741211,MAR,30,cpu,
3.4,slovak_manufacture_13,random_forest,Classical,median,0.9914841849148418,0.9910997098252653,0.9907602140642728,0.9914841849148418,0.9959150326797386,0.1382884979248047,MAR,30,cpu,
3.4,slovak_manufacture_13,logistic_regression,Classical,knn,0.9914841849148418,0.9910997098252653,0.9907602140642728,0.9914841849148418,0.991625816993464,0.006843090057373047,MAR,30,cpu,
3.4,slovak_manufacture_13,random_forest,Classical,knn,0.9951338199513382,0.9951338199513382,0.9951338199513382,0.9951338199513382,0.9971405228758169,0.15636825561523438,MAR,30,cpu,
3.4,slovak_manufacture_13,logistic_regression,Classical,mean,0.9914841849148418,0.9884558275998911,0.9854459133867369,0.9914841849148418,0.9867238562091504,0.007380247116088867,MAR,40,cpu,
3.4,slovak_manufacture_13,random_forest,Classical,mean,0.9951338199513382,0.9946501800248372,0.9945344707583031,0.9951338199513382,0.9973447712418301,0.15419530868530273,MAR,40,cpu,
3.4,slovak_manufacture_13,logistic_regression,Classical,median,0.9914841849148418,0.9884558275998911,0.9854459133867369,0.9914841849148418,0.9953022875816994,0.0077936649322509766,MAR,40,cpu,
3.4,slovak_manufacture_13,random_forest,Classical,median,0.9914841849148418,0.9910997098252653,0.9907602140642728,0.9914841849148418,0.9959150326797386,0.15738177299499512,MAR,40,cpu,
3.4,slovak_manufacture_13,logistic_regression,Classical,knn,0.9914841849148418,0.9910997098252653,0.9907602140642728,0.9914841849148418,0.991625816993464,0.0069141387939453125,MAR,40,cpu,
3.4,slovak_manufacture_13,random_forest,Classical,knn,0.9951338199513382,0.9951338199513382,0.9951338199513382,0.9951338199513382,0.9971405228758169,0.1565263271331787,MAR,40,cpu,
3.4,slovak_manufacture_13,logistic_regression,Classical,mean,0.9914841849148418,0.9884558275998911,0.9854459133867369,0.9914841849148418,0.9867238562091504,0.007225513458251953,MNAR,5,cpu,
3.4,slovak_manufacture_13,random_forest,Classical,mean,0.9951338199513382,0.9946501800248372,0.9945344707583031,0.9951338199513382,0.9973447712418301,0.15217852592468262,MNAR,5,cpu,
3.4,slovak_manufacture_13,logistic_regression,Classical,median,0.9914841849148418,0.9884558275998911,0.9854459133867369,0.9914841849148418,0.9953022875816994,0.008699893951416016,MNAR,5,cpu,
3.4,slovak_manufacture_13,random_forest,Classical,median,0.9914841849148418,0.9910997098252653,0.9907602140642728,0.9914841849148418,0.9959150326797386,0.1582047939300537,MNAR,5,cpu,
3.4,slovak_manufacture_13,logistic_regression,Classical,knn,0.9914841849148418,0.9910997098252653,0.9907602140642728,0.9914841849148418,0.991625816993464,0.006845235824584961,MNAR,5,cpu,
3.4,slovak_manufacture_13,random_forest,Classical,knn,0.9951338199513382,0.9951338199513382,0.9951338199513382,0.9951338199513382,0.9971405228758169,0.12547659873962402,MNAR,5,cpu,
3.4,slovak_manufacture_13,logistic_regression,Classical,mean,0.9914841849148418,0.9884558275998911,0.9854459133867369,0.9914841849148418,0.9867238562091504,0.0073642730712890625,MNAR,10,cpu,
3.4,slovak_manufacture_13,random_forest,Classical,mean,0.9951338199513382,0.9946501800248372,0.9945344707583031,0.9951338199513382,0.9973447712418301,0.15108466148376465,MNAR,10,cpu,
3.4,slovak_manufacture_13,logistic_regression,Classical,median,0.9914841849148418,0.9884558275998911,0.9854459133867369,0.9914841849148418,0.9953022875816994,0.00812983512878418,MNAR,10,cpu,
3.4,slovak_manufacture_13,random_forest,Classical,median,0.9914841849148418,0.9910997098252653,0.9907602140642728,0.9914841849148418,0.9959150326797386,0.14685320854187012,MNAR,10,cpu,
3.4,slovak_manufacture_13,logistic_regression,Classical,knn,0.9914841849148418,0.9910997098252653,0.9907602140642728,0.9914841849148418,0.991625816993464,0.006632804870605469,MNAR,10,cpu,
3.4,slovak_manufacture_13,random_forest,Classical,knn,0.9951338199513382,0.9951338199513382,0.9951338199513382,0.9951338199513382,0.9971405228758169,0.14804792404174805,MNAR,10,cpu,
3.4,slovak_manufacture_13,logistic_regression,Classical,mean,0.9914841849148418,0.9884558275998911,0.9854459133867369,0.9914841849148418,0.9867238562091504,0.007250070571899414,MNAR,15,cpu,
3.4,slovak_manufacture_13,random_forest,Classical,mean,0.9951338199513382,0.9946501800248372,0.9945344707583031,0.9951338199513382,0.9973447712418301,0.1490461826324463,MNAR,15,cpu,
3.4,slovak_manufacture_13,logistic_regression,Classical,median,0.9914841849148418,0.9884558275998911,0.9854459133867369,0.9914841849148418,0.9953022875816994,0.00807952880859375,MNAR,15,cpu,
3.4,slovak_manufacture_13,random_forest,Classical,median,0.9914841849148418,0.9910997098252653,0.9907602140642728,0.9914841849148418,0.9959150326797386,0.15595459938049316,MNAR,15,cpu,
3.4,slovak_manufacture_13,logistic_regression,Classical,knn,0.9914841849148418,0.9910997098252653,0.9907602140642728,0.9914841849148418,0.991625816993464,0.0075953006744384766,MNAR,15,cpu,
3.4,slovak_manufacture_13,random_forest,Classical,knn,0.9951338199513382,0.9951338199513382,0.9951338199513382,0.9951338199513382,0.9971405228758169,0.15678095817565918,MNAR,15,cpu,
3.4,slovak_manufacture_13,logistic_regression,Classical,mean,0.9914841849148418,0.9884558275998911,0.9854459133867369,0.9914841849148418,0.9867238562091504,0.00747990608215332,MNAR,20,cpu,
3.4,slovak_manufacture_13,random_forest,Classical,mean,0.9951338199513382,0.9946501800248372,0.9945344707583031,0.9951338199513382,0.9973447712418301,0.14732933044433594,MNAR,20,cpu,
3.4,slovak_manufacture_13,logistic_regression,Classical,median,0.9914841849148418,0.9884558275998911,0.9854459133867369,0.9914841849148418,0.9953022875816994,0.007643938064575195,MNAR,20,cpu,
3.4,slovak_manufacture_13,random_forest,Classical,median,0.9914841849148418,0.9910997098252653,0.9907602140642728,0.9914841849148418,0.9959150326797386,0.15635919570922852,MNAR,20,cpu,
3.4,slovak_manufacture_13,logistic_regression,Classical,knn,0.9914841849148418,0.9910997098252653,0.9907602140642728,0.9914841849148418,0.991625816993464,0.007294178009033203,MNAR,20,cpu,
3.4,slovak_manufacture_13,random_forest,Classical,knn,0.9951338199513382,0.9951338199513382,0.9951338199513382,0.9951338199513382,0.9971405228758169,0.1472334861755371,MNAR,20,cpu,
3.4,slovak_manufacture_13,logistic_regression,Classical,mean,0.9914841849148418,0.9884558275998911,0.9854459133867369,0.9914841849148418,0.9867238562091504,0.006791114807128906,MNAR,30,cpu,
3.4,slovak_manufacture_13,random_forest,Classical,mean,0.9951338199513382,0.9946501800248372,0.9945344707583031,0.9951338199513382,0.9973447712418301,0.13810491561889648,MNAR,30,cpu,
3.4,slovak_manufacture_13,logistic_regression,Classical,median,0.9914841849148418,0.9884558275998911,0.9854459133867369,0.9914841849148418,0.9953022875816994,0.00804758071899414,MNAR,30,cpu,
3.4,slovak_manufacture_13,random_forest,Classical,median,0.9914841849148418,0.9910997098252653,0.9907602140642728,0.9914841849148418,0.9959150326797386,0.1571359634399414,MNAR,30,cpu,
3.4,slovak_manufacture_13,logistic_regression,Classical,knn,0.9914841849148418,0.9910997098252653,0.9907602140642728,0.9914841849148418,0.991625816993464,0.0072209835052490234,MNAR,30,cpu,
3.4,slovak_manufacture_13,random_forest,Classical,knn,0.9951338199513382,0.9951338199513382,0.9951338199513382,0.9951338199513382,0.9971405228758169,0.15860962867736816,MNAR,30,cpu,
3.4,slovak_manufacture_13,logistic_regression,Classical,mean,0.9914841849148418,0.9884558275998911,0.9854459133867369,0.9914841849148418,0.9867238562091504,0.0071010589599609375,MNAR,40,cpu,
3.4,slovak_manufacture_13,random_forest,Classical,mean,0.9951338199513382,0.9946501800248372,0.9945344707583031,0.9951338199513382,0.9973447712418301,0.14877104759216309,MNAR,40,cpu,
3.4,slovak_manufacture_13,logistic_regression,Classical,median,0.9914841849148418,0.9884558275998911,0.9854459133867369,0.9914841849148418,0.9953022875816994,0.008016347885131836,MNAR,40,cpu,
3.4,slovak_manufacture_13,random_forest,Classical,median,0.9914841849148418,0.9910997098252653,0.9907602140642728,0.9914841849148418,0.9959150326797386,0.14890789985656738,MNAR,40,cpu,
3.4,slovak_manufacture_13,logistic_regression,Classical,knn,0.9914841849148418,0.9910997098252653,0.9907602140642728,0.9914841849148418,0.991625816993464,0.00685882568359375,MNAR,40,cpu,
3.4,slovak_manufacture_13,random_forest,Classical,knn,0.9951338199513382,0.9951338199513382,0.9951338199513382,0.9951338199513382,0.9971405228758169,0.14761710166931152,MNAR,40,cpu,
