dataset,missing_mechanism,missing_rate,imputation,model,model_type,accuracy,f1,precision,recall,roc_auc,balanced_accuracy,f1_macro,recall_class1,pr_auc,threshold,training_time_seconds,error
polish_1year,,,mean,TabPFN,Foundation,0.9921763869132292,0.9922777665718876,0.9924320950032004,0.9921763869132292,0.997000328731098,0.9603742055665132,0.9484141675922496,0.925925925925926,0.9607847738238658,0.138671875,152.49758076667786,
polish_1year,,,mean,TabICL,Foundation,0.9893314366998578,0.989642287102216,0.9902144219332156,0.9893314366998578,0.9978906421214114,0.9588949156256849,0.9320017410649514,0.925925925925926,0.9700733638225132,0.0656381174921989,6.811734437942505,
polish_1year,,,median,TabPFN,Foundation,0.9914651493598862,0.9916112352954458,0.9918491142971048,0.9914651493598862,0.9973564540872232,0.960004383081306,0.9442063492063492,0.925925925925926,0.961144843644123,0.1426827758550644,170.27729868888855,
polish_1year,,,median,TabICL,Foundation,0.9281650071123756,0.9428178864134544,0.9682317231357964,0.9281650071123756,0.9663187595879904,0.8915324348016656,0.7190598001452122,0.8518518518518519,0.7860100300004261,0.0367925092577934,7.044504642486572,
polish_1year,,,knn,TabPFN,Foundation,0.9246088193456614,0.9412840959954712,0.972008179423683,0.9246088193456614,0.9751191650230112,0.9341305062458908,0.7248390050809406,0.9444444444444444,0.8913603706199448,0.0215590242296457,174.25528717041016,
polish_1year,,,knn,TabICL,Foundation,0.9210526315789472,0.9373516976356708,0.963911671365783,0.9210526315789472,0.9495329278983125,0.8522764628533859,0.6941771258928309,0.7777777777777778,0.6962476359606231,0.0393548347055912,7.056621074676514,
polish_1year,,,mice,TabPFN,Foundation,,,,,,,,,,,,Input X contains infinity or a value too large for dtype('float32').
polish_1year,,,mice,TabICL,Foundation,0.9544807965860598,0.9614314004406884,0.9745468209023322,0.9544807965860598,0.9838784790707868,0.9229947403024326,0.7879336349924585,0.8888888888888888,0.8788446291785307,0.0406463705003261,6.43663215637207,
polish_1year,,,mice_indicator,TabPFN,Foundation,,,,,,,,,,,,Input X contains infinity or a value too large for dtype('float32').
polish_1year,,,mice_indicator,TabICL,Foundation,0.9416785206258892,0.9528798649124032,0.974399667140139,0.9416785206258892,0.9837278106508875,0.9430062458908612,0.7615726953874661,0.9444444444444444,0.8737716386644973,0.0345898158848285,17.14347195625305,
polish_1year,,,none,TabPFN,Foundation,0.9900426742532006,0.9903712568330983,0.9910394720454144,0.9900426742532006,0.9968770545693624,0.968154174884944,0.9370587332446536,0.9444444444444444,0.9550567801493198,0.1185985505580902,156.38358879089355,
polish_1year,,,none,TabICL,Foundation,0.9886201991465148,0.989081273457894,0.9900490009285308,0.9886201991465148,0.9978906421214114,0.96741452991453,0.929233827840902,0.9444444444444444,0.9700733638225132,0.0410075597465038,6.665058374404907,
polish_1year,MCAR,5.0,mean,TabPFN,Foundation,0.9800853485064012,0.9815669829960164,0.9846560643146702,0.9800853485064012,0.994692362480824,0.9540872233179926,0.8854089046199702,0.925925925925926,0.9480047767940676,0.0553757846355438,162.90821266174316,
polish_1year,MCAR,5.0,mean,TabICL,Foundation,0.9836415362731152,0.984118173556731,0.9848361847707524,0.9836415362731152,0.994959456497918,0.9203785886478194,0.8957360029662589,0.8518518518518519,0.9296395930944824,0.0781719163060188,7.039947986602783,
polish_1year,MCAR,5.0,median,TabPFN,Foundation,0.9864864864864864,0.9870834615597728,0.988268599006854,0.9864864864864864,0.9946307253999562,0.9574156256848564,0.9166404029120004,0.925925925925926,0.9449112147697628,0.0699377506971359,164.09314608573914,
polish_1year,MCAR,5.0,median,TabICL,Foundation,0.9431009957325748,0.9517892505508604,0.965730695939236,0.9431009957325748,0.9297200306815692,0.8459620863467017,0.7349170437405732,0.7407407407407407,0.6272350485593573,0.0385224185883998,7.012529850006104,
polish_1year,MCAR,5.0,knn,TabPFN,Foundation,0.9886201991465148,0.988181791479416,0.9881756302001288,0.9886201991465148,0.9825498575498576,0.8874095989480605,0.9170501474926254,0.7777777777777778,0.906097199349682,0.1774469166994094,165.88250589370728,
polish_1year,MCAR,5.0,knn,TabICL,Foundation,0.9743954480796586,0.9754328652802612,0.9768825602113996,0.9743954480796586,0.9712634231865,0.8711237124698663,0.8407761126420294,0.7592592592592593,0.8097958972611662,0.0542933493852615,6.365143537521362,
polish_1year,MCAR,5.0,mice,TabPFN,Foundation,0.9893314366998578,0.9898027328103468,0.9908844909904608,0.9893314366998578,0.9974523339907956,0.9766737891737892,0.9341897917726318,0.9629629629629628,0.9628283308609064,0.0785570442676544,156.41829681396484,
polish_1year,MCAR,5.0,mice,TabICL,Foundation,0.9921763869132292,0.9922108278374264,0.9922513442011668,0.9921763869132292,0.996411352180583,0.9514847687924612,0.947506508229049,0.9074074074074074,0.9596248753234166,0.1180344820022583,6.339619874954224,
polish_1year,MCAR,5.0,mice_indicator,TabPFN,Foundation,0.9893314366998578,0.9897239521299672,0.9905364021835392,0.9893314366998578,0.9966168091168092,0.9677843523997368,0.933114504543076,0.9444444444444444,0.9628433992773195,0.0710275843739509,425.49769830703735,
polish_1year,MCAR,5.0,mice_indicator,TabICL,Foundation,0.9914651493598862,0.9916112352954458,0.9918491142971048,0.9914651493598862,0.9972331799254875,0.960004383081306,0.9442063492063492,0.925925925925926,0.9594290893682824,0.098492793738842,13.783541202545166,
polish_1year,MCAR,5.0,none,TabPFN,Foundation,0.9886201991465148,0.9889957220949696,0.9897045359693916,0.9886201991465148,0.995712798597414,0.9585250931404776,0.9280671237081756,0.925925925925926,0.9513399950052096,0.0992310494184494,148.6244490146637,
polish_1year,MCAR,5.0,none,TabICL,Foundation,0.9822190611664297,0.9828732535499451,0.9839082219847984,0.9822190611664297,0.994959456497918,0.9196389436774052,0.88852417423846,0.8518518518518519,0.9296395930944824,0.0649757608771324,6.338481903076172,
polish_1year,MCAR,10.0,mean,TabPFN,Foundation,0.9758179231863442,0.9780465568413922,0.9826967059939196,0.9758179231863442,0.9930487069910146,0.95186828840675,0.8667863074470813,0.925925925925926,0.9305969719731872,0.0475376807153224,152.00167751312256,
polish_1year,MCAR,10.0,mean,TabICL,Foundation,0.9658605974395448,0.9693798945718866,0.975621860186714,0.9658605974395448,0.983001862809555,0.9022435897435898,0.8171116386458976,0.8333333333333334,0.8348574828504965,0.0329958498477935,6.500637769699097,
polish_1year,MCAR,10.0,median,TabPFN,Foundation,0.9672830725462304,0.9713075884863964,0.9795392238732572,0.9672830725462304,0.9929459785229016,0.9474304185842648,0.8338385966354602,0.925925925925926,0.9267269770911948,0.0445502251386642,150.63865876197815,
polish_1year,MCAR,10.0,median,TabICL,Foundation,0.9317211948790896,0.9429010882946928,0.959476086148786,0.9317211948790896,0.9123315253122946,0.7955977427131273,0.692702783924815,0.6481481481481481,0.546674551069719,0.0374127551913261,6.424666881561279,
polish_1year,MCAR,10.0,knn,TabPFN,Foundation,0.9623044096728308,0.9676861465928752,0.9787761598546668,0.9623044096728308,0.9883848345386808,0.9537310979618672,0.8190586035669625,0.9444444444444444,0.9006937585985624,0.0375389121472835,148.77715754508972,
polish_1year,MCAR,10.0,knn,TabICL,Foundation,0.9281650071123756,0.9418606397317664,0.964010869470326,0.9281650071123756,0.946499013806706,0.8470852509314049,0.7048348911988394,0.7592592592592593,0.6706958189731673,0.0347350724041461,6.447988748550415,
polish_1year,MCAR,10.0,mice,TabPFN,Foundation,0.992887624466572,0.9929496501626308,0.99303581777266,0.992887624466572,0.994644422529038,0.9607440280517204,0.952694973420362,0.925925925925926,0.9559682477377576,0.0966245532035827,149.1273775100708,
polish_1year,MCAR,10.0,mice,TabICL,Foundation,0.9758179231863442,0.9780465568413922,0.9826967059939196,0.9758179231863442,0.9920830593907516,0.95186828840675,0.8667863074470813,0.925925925925926,0.928983911905937,0.0437137372791767,6.518909692764282,
polish_1year,MCAR,10.0,mice_indicator,TabPFN,Foundation,0.980796586059744,0.9824000099667344,0.9860831578783344,0.980796586059744,0.9941787201402588,0.972235919351304,0.8919111303461451,0.9629629629629628,0.9555759216824252,0.0531648658215999,332.010614156723,
polish_1year,MCAR,10.0,mice_indicator,TabICL,Foundation,0.9836415362731152,0.9847021637821004,0.9870202917120734,0.9836415362731152,0.9959456497918036,0.9648257725180802,0.9037201339784146,0.9444444444444444,0.942851794361995,0.0733857452869415,13.95038652420044,
polish_1year,MCAR,10.0,none,TabPFN,Foundation,0.9857752489331436,0.9863515918223674,0.9874157127851044,0.9857752489331436,0.9940965373657682,0.9481563664255972,0.9115422848011274,0.9074074074074074,0.9358438037230824,0.0808302834630012,147.81630277633667,
polish_1year,MCAR,10.0,none,TabICL,Foundation,0.942389758179232,0.9528645834167302,0.9720842741933192,0.942389758179232,0.983001862809555,0.9167077580539118,0.755816421702634,0.8888888888888888,0.8348574828504965,0.0210289116948843,6.812467098236084,
polish_1year,MCAR,15.0,mean,TabPFN,Foundation,0.9815078236130867,0.9821180484043258,0.9830298555892782,0.9815078236130867,0.9911516546131932,0.910379684418146,0.8831090760257854,0.8333333333333334,0.9007887715459748,0.0679279863834381,148.00467705726624,
polish_1year,MCAR,15.0,mean,TabICL,Foundation,0.972972972972973,0.9736541582353296,0.9744869683948436,0.972972972972973,0.9693115822923516,0.8437157571772956,0.8262910798122065,0.7037037037037037,0.7320999802266743,0.0495685786008834,6.5790863037109375,
polish_1year,MCAR,15.0,median,TabPFN,Foundation,0.972972972972973,0.9753089588910484,0.9796671091851816,0.972972972972973,0.9919460880999342,0.9237206881437652,0.8489710538218,0.8703703703703703,0.9092566492362696,0.0614088624715805,148.05908060073853,
polish_1year,MCAR,15.0,median,TabICL,Foundation,0.8733997155049786,0.9060105923592764,0.9552378513689074,0.8733997155049786,0.880472003068157,0.7830511724742495,0.6120597718253968,0.6851851851851852,0.4296969298213727,0.033571895211935,6.703456163406372,
polish_1year,MCAR,15.0,knn,TabPFN,Foundation,0.9416785206258892,0.9527145928186552,0.973586157970424,0.9416785206258892,0.9594633464825773,0.934116809116809,0.7591359211131075,0.925925925925926,0.8559656743509887,0.0337503813207149,147.8529236316681,
polish_1year,MCAR,15.0,knn,TabICL,Foundation,0.871977240398293,0.9051176798147452,0.955143639318816,0.871977240398293,0.9088661516546132,0.7823115275038353,0.6104855540438211,0.6851851851851852,0.5611872631074554,0.0312257725745439,6.384299993515015,
polish_1year,MCAR,15.0,mice,TabPFN,Foundation,0.9907539118065434,0.9908737241304124,0.9910454717524284,0.9907539118065434,0.9926720359412669,0.9507451238220468,0.9390349253362952,0.9074074074074074,0.935674067280958,0.0897326320409774,147.79481887817383,
polish_1year,MCAR,15.0,mice,TabICL,Foundation,0.9836415362731152,0.9835681185994364,0.9835002290254548,0.9836415362731152,0.9830155599386368,0.8848208415516108,0.8882719781643547,0.7777777777777778,0.8628185601707108,0.0811144560575485,6.257879734039307,
polish_1year,MCAR,15.0,mice_indicator,TabPFN,Foundation,0.9751066856330014,0.9777382092582562,0.9836332574515252,0.9751066856330014,0.994863576594346,0.9692773394696472,0.867553768433065,0.9629629629629628,0.9386735500939122,0.0450093075633049,329.9928925037384,
polish_1year,MCAR,15.0,mice_indicator,TabICL,Foundation,0.9815078236130867,0.9821180484043258,0.9830298555892782,0.9815078236130867,0.9874260355029586,0.910379684418146,0.8831090760257854,0.8333333333333334,0.8723532422648546,0.0650416612625122,14.155557870864868,
polish_1year,MCAR,15.0,none,TabPFN,Foundation,0.9886201991465148,0.9887194402602094,0.9888414354203828,0.9886201991465148,0.9931514354591278,0.9318567828183212,0.9243119574725792,0.8703703703703703,0.9341545727933516,0.1060661524534225,147.9289870262146,
polish_1year,MCAR,15.0,none,TabICL,Foundation,0.9751066856330014,0.9749949630860988,0.9748880149732718,0.9751066856330014,0.9693115822923516,0.8270463510848126,0.8299790972066267,0.6666666666666666,0.7320999802266743,0.0557888187468051,6.381951570510864,
polish_1year,MCAR,20.0,mean,TabPFN,Foundation,0.9708392603129444,0.9732740892087448,0.977526803236676,0.9708392603129444,0.9869740302432608,0.9048323471400396,0.8358650497848872,0.8333333333333334,0.853663321576626,0.0670653581619262,148.27379322052002,
polish_1year,MCAR,20.0,mean,TabICL,Foundation,0.9559032716927454,0.9599672507107736,0.9658229436867208,0.9559032716927454,0.9462524654832346,0.8170611439842208,0.7570809135799716,0.6666666666666666,0.5521335508602002,0.0415011011064052,6.343818426132202,
polish_1year,MCAR,20.0,median,TabPFN,Foundation,0.94950213371266,0.9582020690253218,0.975022348996462,0.94950213371266,0.9891107823800132,0.9381848564540872,0.7789557827422273,0.925925925925926,0.8613249217580528,0.0486829653382301,148.19254231452942,
polish_1year,MCAR,20.0,median,TabICL,Foundation,0.8655761024182077,0.9006237402838414,0.952039256396331,0.8655761024182077,0.860734440061363,0.7523148148148149,0.5953094184744949,0.6296296296296297,0.3764197468188617,0.0487067475914955,6.3129706382751465,
polish_1year,MCAR,20.0,knn,TabPFN,Foundation,0.9288762446657184,0.943646530871474,0.9700112372743764,0.9288762446657184,0.9579429651545036,0.909681130834977,0.7257848093365786,0.8888888888888888,0.7909365599739014,0.0386915653944015,148.05458688735962,
polish_1year,MCAR,20.0,knn,TabICL,Foundation,0.8079658605974396,0.8653098234320867,0.9593736545439332,0.8079658605974396,0.8952717510409818,0.8201429980276134,0.5699429037520392,0.8333333333333334,0.4801471650074989,0.0260067861527204,6.31834077835083,
polish_1year,MCAR,20.0,mice,TabPFN,Foundation,0.9793741109530584,0.9801329741179364,0.981256949905302,0.9793741109530584,0.9886039886039886,0.9003807801884725,0.8706880421166135,0.8148148148148148,0.8755328106882811,0.07666015625,148.59691905975342,
polish_1year,MCAR,20.0,mice,TabICL,Foundation,0.9587482219061166,0.9640130884796604,0.9733831248832752,0.9587482219061166,0.9801871027832566,0.8985453648915187,0.7931681681681682,0.8333333333333334,0.8067160560188843,0.0368310250341892,6.212137937545776,
polish_1year,MCAR,20.0,mice_indicator,TabPFN,Foundation,0.9751066856330014,0.9763838010145478,0.978342759816078,0.9751066856330014,0.9887683541529696,0.8892724085031778,0.8488687421493746,0.7962962962962963,0.8683908334021875,0.0668375790119171,329.3014872074127,
polish_1year,MCAR,20.0,mice_indicator,TabICL,Foundation,0.9516358463726884,0.9592037717956288,0.9731214671000576,0.9516358463726884,0.9800706771860618,0.912626013587552,0.7772932681108782,0.8703703703703703,0.8156632348317535,0.0368695482611656,13.43165111541748,
polish_1year,MCAR,20.0,none,TabPFN,Foundation,0.965149359886202,0.9696759634280137,0.9788733693346484,0.965149359886202,0.9919186938417708,0.9463209511286436,0.8263703195921237,0.925925925925926,0.9094370142738032,0.0596277080476284,146.78295254707336,
polish_1year,MCAR,20.0,none,TabICL,Foundation,0.9438122332859176,0.9518340675629652,0.9642536176902136,0.9438122332859176,0.9462524654832346,0.8285530352838045,0.7302948996564158,0.7037037037037037,0.5521335508602002,0.0369273647665977,6.732534885406494,
polish_1year,MCAR,30.0,mean,TabPFN,Foundation,0.9174964438122332,0.9360830940175529,0.9686380251003834,0.9174964438122332,0.964462798597414,0.9037639710716634,0.7041074020319303,0.8888888888888888,0.7109251548294538,0.049891673028469,146.60822200775146,
polish_1year,MCAR,30.0,mean,TabICL,Foundation,0.7873399715504978,0.8517066165625141,0.9567430207222832,0.7873399715504978,0.8787598619329389,0.7916392724085032,0.5500896301885178,0.7962962962962963,0.3365243500244563,0.0217557661235332,6.331980228424072,
polish_1year,MCAR,30.0,median,TabPFN,Foundation,0.9061166429587484,0.9286428354376864,0.9675050754905564,0.9061166429587484,0.9696814047775586,0.8978468113083498,0.6849845201238389,0.8888888888888888,0.7300980161516062,0.0457237027585506,146.6686305999756,
polish_1year,MCAR,30.0,median,TabICL,Foundation,0.7261735419630156,0.8104634775686147,0.9528171234163132,0.7261735419630156,0.8155955511724742,0.7420556651325882,0.5057048803093739,0.7592592592592593,0.2094547379744347,0.0324123054742813,6.60556173324585,
polish_1year,MCAR,30.0,knn,TabPFN,Foundation,0.914651493598862,0.9329728823179076,0.9622959290978704,0.914651493598862,0.9085990576375192,0.8400586237124699,0.6799817912825765,0.7592592592592593,0.5561421338969744,0.0510957799851894,146.669677734375,
polish_1year,MCAR,30.0,knn,TabICL,Foundation,0.8264580369843528,0.8756213403027808,0.9462381193796237,0.8264580369843528,0.839627164146395,0.6964168310322156,0.5500398724082934,0.5555555555555556,0.3046899487857321,0.0371207930147647,6.599911689758301,
polish_1year,MCAR,30.0,mice,TabPFN,Foundation,0.8975817923186344,0.9232671998520118,0.96765603555,0.8975817923186344,0.9623534407188252,0.9022983782599168,0.6744637746406406,0.9074074074074074,0.6795285656928068,0.0358091406524181,146.6810326576233,
polish_1year,MCAR,30.0,mice,TabICL,Foundation,0.7162162162162162,0.8034501955952107,0.9597946894764068,0.7162162162162162,0.9074964387464388,0.7991042077580539,0.5108669779364643,0.8888888888888888,0.4123617719180054,0.0171693880110979,6.242765665054321,
polish_1year,MCAR,30.0,mice_indicator,TabPFN,Foundation,0.9246088193456614,0.9406210748509451,0.968614829681881,0.9246088193456614,0.9654695375849224,0.8985727591496822,0.714709035222052,0.8703703703703703,0.7333748739179965,0.0442078299820423,322.176926612854,
polish_1year,MCAR,30.0,mice_indicator,TabICL,Foundation,0.8349928876244666,0.8827337765222025,0.9604372128711628,0.8349928876244666,0.9281517094017092,0.8341962524654832,0.593165207413505,0.8333333333333334,0.4692761479150295,0.0285381227731704,13.59687852859497,
polish_1year,MCAR,30.0,none,TabPFN,Foundation,0.933854907539118,0.9473471627371414,0.972372766712346,0.933854907539118,0.983488110891957,0.930048761779531,0.7413124892426212,0.925925925925926,0.8208438026834521,0.0553199276328086,149.1104052066803,
polish_1year,MCAR,30.0,none,TabICL,Foundation,0.8584637268847796,0.8966367242107794,0.9543102328723292,0.8584637268847796,0.8787598619329389,0.7752849002849003,0.5963424785795798,0.6851851851851852,0.3365243500244563,0.0367157012224197,6.333027124404907,
polish_1year,MCAR,40.0,mean,TabPFN,Foundation,0.9011379800853484,0.9249409651559984,0.9644388816905812,0.9011379800853484,0.9470468989699758,0.8685897435897436,0.6695998525799356,0.8333333333333334,0.612458152044142,0.0488571524620056,146.290207862854,
polish_1year,MCAR,40.0,mean,TabICL,Foundation,0.8691322901849218,0.900748920472513,0.9423769711478314,0.8691322901849218,0.8109385272846812,0.6563801227262765,0.5643687064291247,0.4259259259259259,0.223056623274256,0.0458958931267261,6.31643009185791,
polish_1year,MCAR,40.0,median,TabPFN,Foundation,0.871977240398293,0.9069501921834174,0.966830620062169,0.871977240398293,0.9626342318650012,0.8978742055665132,0.6430264048747462,0.925925925925926,0.6689802797917016,0.0487990975379943,146.2961506843567,
polish_1year,MCAR,40.0,median,TabICL,Foundation,0.6543385490753911,0.7585896407423335,0.9551141298232148,0.6543385490753911,0.7791748849441158,0.7402613412228797,0.4694487924865831,0.8333333333333334,0.158960400017111,0.0252214781939983,6.331766128540039,
polish_1year,MCAR,40.0,knn,TabPFN,Foundation,0.7930298719772404,0.8557825010513981,0.9627216567468868,0.7930298719772404,0.9033736028928336,0.8479344729344729,0.5659144849010181,0.9074074074074074,0.4290594258985837,0.0336029306054115,146.45237517356873,
polish_1year,MCAR,40.0,knn,TabICL,Foundation,0.6941678520625889,0.7879049965057667,0.9539628284052905,0.6941678520625889,0.8048706991014684,0.743192526846373,0.4896922183507549,0.7962962962962963,0.1793534670499691,0.0281793531030416,6.379441738128662,
polish_1year,MCAR,40.0,mice,TabPFN,Foundation,0.8897581792318634,0.9171645066610083,0.9608620129246018,0.8897581792318634,0.9346646942800788,0.8360042735042735,0.6456117356455109,0.7777777777777778,0.5602449772329984,0.0365034788846969,146.57743048667908,
polish_1year,MCAR,40.0,mice,TabICL,Foundation,0.7176386913229018,0.8045083358941927,0.9556515607071232,0.7176386913229018,0.8296214113521805,0.7642861056322594,0.5054186842933027,0.8148148148148148,0.2331374060496491,0.023921463638544,6.249602794647217,
polish_1year,MCAR,40.0,mice_indicator,TabPFN,Foundation,0.914651493598862,0.9321671180213836,0.958831159492172,0.914651493598862,0.9362946526408064,0.8045008766162612,0.6678033912721602,0.6851851851851852,0.563361178117746,0.0467586368322372,323.4003834724426,
polish_1year,MCAR,40.0,mice_indicator,TabICL,Foundation,0.6678520625889047,0.768469367626065,0.9587829727287452,0.6678520625889047,0.845249835634451,0.7739562787639711,0.4814336271024738,0.8888888888888888,0.2604914712683108,0.0177274048328399,13.494593620300291,
polish_1year,MCAR,40.0,none,TabPFN,Foundation,0.9253200568990044,0.9414347891488656,0.9703986524973738,0.9253200568990044,0.977488768354153,0.9167214551829936,0.7212566579876026,0.9074074074074074,0.7412285114830104,0.06396484375,147.91918754577637,
polish_1year,MCAR,40.0,none,TabICL,Foundation,0.8598862019914651,0.8951252373022056,0.9417728625011416,0.8598862019914651,0.8109385272846812,0.6515724304185843,0.5563084385367159,0.4259259259259259,0.223056623274256,0.0440094992518425,6.530953884124756,
polish_1year,MAR,5.0,mean,TabPFN,Foundation,0.9779516358463728,0.97992097461656,0.9842135426962824,0.9779516358463728,0.9953018847249616,0.9618671926364234,0.8776729056684264,0.9444444444444444,0.9506497834335998,0.05520461499691,146.4538130760193,
polish_1year,MAR,5.0,mean,TabICL,Foundation,0.9793741109530584,0.98071142389917,0.9832365844659596,0.9793741109530584,0.9938568376068376,0.9359385272846812,0.8786036471901749,0.8888888888888888,0.9288541904829924,0.0450481735169887,6.3489532470703125,
polish_1year,MAR,5.0,median,TabPFN,Foundation,0.987908961593172,0.9882612587158446,0.9888698626425998,0.987908961593172,0.9948841222879684,0.9492658338812184,0.9229353065402782,0.9074074074074074,0.9444783791465734,0.0839284658432006,146.44624018669128,
polish_1year,MAR,5.0,median,TabICL,Foundation,0.9238975817923186,0.9392279448170098,0.9642744484702618,0.9238975817923186,0.9338771093578786,0.8537557527942143,0.6994832314911179,0.7777777777777778,0.671819271880967,0.0336600057780742,6.27496075630188,
polish_1year,MAR,5.0,knn,TabPFN,Foundation,0.9793741109530584,0.9812163956090402,0.985424341978902,0.9793741109530584,0.993939020381328,0.9714962743808896,0.8855649762704634,0.9629629629629628,0.948742063693994,0.0557216964662075,146.48919343948364,
polish_1year,MAR,5.0,knn,TabICL,Foundation,0.9473684210526316,0.9563483897882034,0.9730131262398176,0.9473684210526316,0.9854536489151874,0.9192965154503616,0.7683483991628446,0.8888888888888888,0.8743951306218722,0.0303995367139577,6.326932907104492,
polish_1year,MAR,5.0,mice,TabPFN,Foundation,0.97724039829303,0.9793379358507216,0.983901974730148,0.97724039829303,0.9965894148586456,0.9614973701512164,0.8746224070090176,0.9444444444444444,0.9577937695306152,0.0513853281736373,146.51370549201965,
polish_1year,MAR,5.0,mice,TabICL,Foundation,0.9921763869132292,0.9922108278374264,0.9922513442011668,0.9921763869132292,0.9954251588866972,0.9514847687924612,0.947506508229049,0.9074074074074074,0.9585769898179142,0.0908698067069053,6.249077081680298,
polish_1year,MAR,5.0,mice_indicator,TabPFN,Foundation,0.9900426742532006,0.9903712568330983,0.9910394720454144,0.9900426742532006,0.9964113521805829,0.968154174884944,0.9370587332446536,0.9444444444444444,0.9540827100585212,0.0892998874187469,323.5273082256317,
polish_1year,MAR,5.0,mice_indicator,TabICL,Foundation,0.992887624466572,0.992887624466572,0.992887624466572,0.992887624466572,0.9949252136752136,0.951854591277668,0.951854591277668,0.9074074074074074,0.95806179748687,0.1257556527853012,13.398021936416626,
polish_1year,MAR,5.0,none,TabPFN,Foundation,0.9637268847795164,0.9687542295764618,0.9791713313237091,0.9637268847795164,0.9957401928555776,0.9544707429322814,0.8237432618778989,0.9444444444444444,0.9547526348175276,0.0314864553511142,146.0395245552063,
polish_1year,MAR,5.0,none,TabICL,Foundation,0.9786628733997156,0.980115459403777,0.9828727172686772,0.9786628733997156,0.9938568376068376,0.935568704799474,0.8753678686664539,0.8888888888888888,0.9288541904829924,0.0440094992518425,6.385233402252197,
polish_1year,MAR,10.0,mean,TabPFN,Foundation,0.9708392603129444,0.9743574911330032,0.9820774317872576,0.9708392603129444,0.9943293885601578,0.9670584045584044,0.8509341504725703,0.9629629629629628,0.9240575346599272,0.0456431545317173,146.39438676834106,
polish_1year,MAR,10.0,mean,TabICL,Foundation,0.9153627311522048,0.9348420110150092,0.9692707492776642,0.9153627311522048,0.9835155051501204,0.9115439403900942,0.7028777425570265,0.9074074074074074,0.8504533802335272,0.0194586310535669,6.310201406478882,
polish_1year,MAR,10.0,median,TabPFN,Foundation,0.9864864864864864,0.9870834615597728,0.988268599006854,0.9864864864864864,0.9932884067499452,0.9574156256848564,0.9166404029120004,0.925925925925926,0.9325347068249508,0.07275390625,146.4640245437622,
polish_1year,MAR,10.0,median,TabICL,Foundation,0.9231863442389758,0.9379393342748724,0.960762188711372,0.9231863442389758,0.9028394148586456,0.8178281832127986,0.6859737939249553,0.7037037037037037,0.5476807875993701,0.0410288870334625,6.330720663070679,
polish_1year,MAR,10.0,knn,TabPFN,Foundation,0.9800853485064012,0.9815669829960164,0.9846560643146702,0.9800853485064012,0.988802596975674,0.9540872233179926,0.8854089046199702,0.925925925925926,0.9066224204283774,0.0581342130899429,146.70832753181458,
polish_1year,MAR,10.0,knn,TabICL,Foundation,0.9438122332859176,0.953492443000006,0.970725297620892,0.9438122332859176,0.9646271641463948,0.8996685294762218,0.7540493920652951,0.8518518518518519,0.7980029826961567,0.0354329831898212,6.237171411514282,
polish_1year,MAR,10.0,mice,TabPFN,Foundation,0.9886201991465148,0.9882980966869328,0.9882102424492548,0.9886201991465148,0.9961031667762436,0.8962990357221126,0.9186165979306852,0.7962962962962963,0.9422746516227783,0.1395433992147445,146.39190316200256,
polish_1year,MAR,10.0,mice,TabICL,Foundation,0.9829302987197724,0.9838652885126098,0.9856752829409676,0.9829302987197724,0.9920556651325882,0.9466770764847688,0.8971783777195441,0.9074074074074074,0.9186045729182358,0.0598358921706676,6.228031396865845,
polish_1year,MAR,10.0,mice_indicator,TabPFN,Foundation,0.97724039829303,0.9793379358507216,0.983901974730148,0.97724039829303,0.9952060048213894,0.9614973701512164,0.8746224070090176,0.9444444444444444,0.9381601664055146,0.0705961287021637,323.441219329834,
polish_1year,MAR,10.0,mice_indicator,TabICL,Foundation,0.9779516358463728,0.9797926040358802,0.9836384851235748,0.9779516358463728,0.9937952005259696,0.9529777558623712,0.8758979644715001,0.925925925925926,0.9296930874969632,0.0499533638358116,13.44324827194214,
polish_1year,MAR,10.0,none,TabPFN,Foundation,0.9779516358463728,0.97992097461656,0.9842135426962824,0.9779516358463728,0.9956169186938416,0.9618671926364234,0.8776729056684264,0.9444444444444444,0.9521833491869136,0.06494140625,146.1528353691101,
polish_1year,MAR,10.0,none,TabICL,Foundation,0.933854907539118,0.9470075535047342,0.9707095475947188,0.933854907539118,0.9835155051501204,0.9122698882314266,0.7362404613643653,0.8888888888888888,0.8504533802335272,0.0259381458163261,6.345179557800293,
polish_1year,MAR,15.0,mean,TabPFN,Foundation,0.9438122332859176,0.954681903268444,0.9763776216837924,0.9438122332859176,0.9930966469428008,0.961894586894587,0.7714503235629997,0.9814814814814816,0.913632391683302,0.0320336818695068,146.44493794441223,
polish_1year,MAR,15.0,mean,TabICL,Foundation,0.9281650071123756,0.9424490634836364,0.9665453104767362,0.9281650071123756,0.9726605303528382,0.8737535612535612,0.713551468793558,0.8148148148148148,0.7852305530959062,0.0224951859563589,6.329012632369995,
polish_1year,MAR,15.0,median,TabPFN,Foundation,0.9487908961593172,0.9576974548822774,0.9748809375307456,0.9487908961593172,0.9920282708744248,0.93781503396888,0.777061310782241,0.925925925925926,0.906431745728646,0.0373920202255249,146.3415813446045,
polish_1year,MAR,15.0,median,TabICL,Foundation,0.8890469416785206,0.915852345618,0.9563770226639288,0.8890469416785206,0.8868822594784133,0.7911872671488056,0.6306604250159971,0.6851851851851852,0.4594891985238729,0.0347896926105022,6.297857761383057,
polish_1year,MAR,15.0,knn,TabPFN,Foundation,0.9537695590327168,0.9607395191210856,0.9736109703179568,0.9537695590327168,0.9850564321718168,0.9137354810431731,0.7833472015778981,0.8703703703703703,0.8465255394521617,0.039951168000698,146.4182789325714,
polish_1year,MAR,15.0,knn,TabICL,Foundation,0.9395448079658606,0.9484210256723424,0.9617332055085268,0.9395448079658606,0.9248027613412227,0.8085552268244576,0.7132918301006393,0.6666666666666666,0.6008297533967809,0.0449083633720874,6.278767824172974,
polish_1year,MAR,15.0,mice,TabPFN,Foundation,0.9708392603129444,0.97421668224847,0.9814111618586332,0.9708392603129444,0.9947129081744466,0.9581689677843525,0.84896257732526,0.9444444444444444,0.9184032121311424,0.0496886819601058,146.4952712059021,
polish_1year,MAR,15.0,mice,TabICL,Foundation,0.9679943100995732,0.9710334757225424,0.9763987224563192,0.9679943100995732,0.9838784790707868,0.903353057199211,0.8249284024405429,0.8333333333333334,0.8799386764905944,0.0505228750407695,6.221198797225952,
polish_1year,MAR,15.0,mice_indicator,TabPFN,Foundation,0.9800853485064012,0.9815669829960164,0.9846560643146702,0.9800853485064012,0.9953018847249616,0.9540872233179926,0.8854089046199702,0.925925925925926,0.9360469695675928,0.0648272484540939,323.2884132862091,
polish_1year,MAR,15.0,mice_indicator,TabICL,Foundation,0.9665718349928876,0.9704435137970268,0.977926132434322,0.9665718349928876,0.9890285996055228,0.9292817225509532,0.826859539860664,0.8888888888888888,0.9085291048544828,0.0570596940815448,13.48896598815918,
polish_1year,MAR,15.0,none,TabPFN,Foundation,0.97724039829303,0.9793379358507216,0.983901974730148,0.97724039829303,0.995164913434144,0.9614973701512164,0.8746224070090176,0.9444444444444444,0.9459308798461168,0.0664632320404052,146.12429094314575,
polish_1year,MAR,15.0,none,TabICL,Foundation,0.945945945945946,0.9546031183346044,0.969536202869536,0.945945945945946,0.9726605303528382,0.8829991233837388,0.7539422297546239,0.8148148148148148,0.7852305530959062,0.0288709066808223,6.304543495178223,
polish_1year,MAR,20.0,mean,TabPFN,Foundation,0.94950213371266,0.9582020690253218,0.975022348996462,0.94950213371266,0.9881382862152092,0.9381848564540872,0.7789557827422273,0.925925925925926,0.8655227213796514,0.0416793785989284,146.42704272270203,
polish_1year,MAR,20.0,mean,TabICL,Foundation,0.9509246088193456,0.9570755214620976,0.9667138099117122,0.9509246088193456,0.95438171159325,0.8411406969099277,0.7523605314546081,0.7222222222222222,0.6294770390814208,0.038422055542469,6.301372051239014,
polish_1year,MAR,20.0,median,TabPFN,Foundation,0.92674253200569,0.9427113125850552,0.9722663855519676,0.92674253200569,0.9863097194827964,0.935239973701512,0.7290259807085988,0.9444444444444444,0.8471724539752027,0.0377151221036911,146.46820545196533,
polish_1year,MAR,20.0,median,TabICL,Foundation,0.8264580369843528,0.8767721859615579,0.955432452467293,0.8264580369843528,0.8563445101906639,0.7853111987727373,0.5744214203485372,0.7407407407407407,0.3727125102222001,0.023197628557682,6.389336109161377,
polish_1year,MAR,20.0,knn,TabPFN,Foundation,0.9310099573257468,0.9441631886532807,0.9661123432297648,0.9310099573257468,0.96403818759588,0.8663434144203375,0.7165245984780932,0.7962962962962963,0.6836742691824538,0.0397852100431919,146.34148120880127,
polish_1year,MAR,20.0,knn,TabICL,Foundation,0.8549075391180654,0.8938119534914434,0.9504915906618692,0.8549075391180654,0.8686856234933158,0.7378780407626562,0.5820963370924032,0.6111111111111112,0.4111691479602545,0.0324463881552219,6.298670768737793,
polish_1year,MAR,20.0,mice,TabPFN,Foundation,0.9623044096728308,0.9670290237317564,0.975876530432835,0.9623044096728308,0.9903298268682884,0.9181733508656584,0.809784176334699,0.8703703703703703,0.8706870348101253,0.0487410351634025,146.48736214637756,
polish_1year,MAR,20.0,mice,TabICL,Foundation,0.9395448079658606,0.9505369085237292,0.9699607968207816,0.9395448079658606,0.9720099167214552,0.8974495945649792,0.7437579733916531,0.8518518518518519,0.7552805652074339,0.02928445674479,6.260415554046631,
polish_1year,MAR,20.0,mice_indicator,TabPFN,Foundation,0.937411095305832,0.950099084620981,0.9745486016880454,0.937411095305832,0.990562678062678,0.9496767477536708,0.7540394402035624,0.9629629629629628,0.8681821912652112,0.02783203125,323.10401248931885,
polish_1year,MAR,20.0,mice_indicator,TabICL,Foundation,0.9431009957325748,0.953532941009182,0.9730197003961468,0.9431009957325748,0.97707100591716,0.9259670173131712,0.7600948700229497,0.9074074074074074,0.8212160963228037,0.0286586936563253,13.60151481628418,
polish_1year,MAR,20.0,none,TabPFN,Foundation,0.9480796586059744,0.9573591081907952,0.9755362093492528,0.9480796586059744,0.9935007122507123,0.9463346482577252,0.7775870848908392,0.9444444444444444,0.918065723076007,0.04248046875,146.67999362945557,
polish_1year,MAR,20.0,none,TabICL,Foundation,0.9523470839260312,0.958536521421978,0.9686335016215784,0.9523470839260312,0.95438171159325,0.8596592154284461,0.7625879880137202,0.7592592592592593,0.6294770390814208,0.0367540642619133,6.433315277099609,
polish_1year,MAR,30.0,mean,TabPFN,Foundation,0.887624466571835,0.917257563379559,0.969589548251353,0.887624466571835,0.97479728248959,0.9237891737891736,0.6674928902858853,0.9629629629629628,0.7392405453057701,0.0264860242605209,146.28307580947876,
polish_1year,MAR,30.0,mean,TabICL,Foundation,0.9388335704125178,0.9457668628057014,0.9548443136415344,0.9388335704125178,0.893011724742494,0.7370699101468332,0.6810782296776916,0.5185185185185185,0.426267160969152,0.0482562035322189,6.408312797546387,
polish_1year,MAR,30.0,median,TabPFN,Foundation,0.8918918918918919,0.9201439971413202,0.9707714222982892,0.8918918918918919,0.979461154941924,0.9348975454744686,0.6756691130496015,0.9814814814814816,0.7282150817983553,0.0309539437294006,146.41312980651855,
polish_1year,MAR,30.0,median,TabICL,Foundation,0.7695590327169275,0.839721237341033,0.9512966491239964,0.7695590327169275,0.8290803747534516,0.7379465264080649,0.5278358208955224,0.7037037037037037,0.3040150814090528,0.024407597258687,6.262163400650024,
polish_1year,MAR,30.0,knn,TabPFN,Foundation,0.9018492176386912,0.9253993279575812,0.9645013469877356,0.9018492176386912,0.9544570458031996,0.8689595660749507,0.6706656346749227,0.8333333333333334,0.6307632519945127,0.0405859015882015,146.47478771209717,
polish_1year,MAR,30.0,knn,TabICL,Foundation,0.844950213371266,0.8875965065289553,0.9499324103443098,0.844950213371266,0.8548926145079991,0.7327005259697568,0.5730800944909966,0.6111111111111112,0.323006164988214,0.0375890024006366,6.3283538818359375,
polish_1year,MAR,30.0,mice,TabPFN,Foundation,0.961593172119488,0.9661349090746236,0.9742203409616624,0.961593172119488,0.9803377712031558,0.9000246548323472,0.802380059970015,0.8333333333333334,0.7444026331351633,0.0480549186468124,146.50484156608582,
polish_1year,MAR,30.0,mice,TabICL,Foundation,0.9502133712660028,0.9542218902868852,0.9594017048310678,0.9502133712660028,0.9307610124917818,0.7607659434582512,0.7177192680548385,0.5555555555555556,0.5299547127466901,0.05479696393013,6.2590696811676025,
polish_1year,MAR,30.0,mice_indicator,TabPFN,Foundation,0.9665718349928876,0.9689540923216984,0.9725387561937544,0.9665718349928876,0.9842619986850756,0.8581662283585361,0.8062083021745187,0.7407407407407407,0.7817878998655055,0.061695247888565,323.4745807647705,
polish_1year,MAR,30.0,mice_indicator,TabICL,Foundation,0.9644381223328592,0.9644381223328592,0.9644381223328592,0.9644381223328592,0.9435952224413764,0.759272956388341,0.759272956388341,0.5370370370370371,0.5911136682228267,0.0802293047308921,13.542502164840698,
polish_1year,MAR,30.0,none,TabPFN,Foundation,0.9438122332859176,0.9540284208632306,0.9731460128795882,0.9438122332859176,0.9869123931623932,0.9263368397983782,0.7618456458581245,0.9074074074074074,0.8280598211434822,0.0427350439131259,148.71971249580383,
polish_1year,MAR,30.0,none,TabICL,Foundation,0.933854907539118,0.9432983327007056,0.9564337872939696,0.933854907539118,0.893011724742494,0.76114946307254,0.6824990590891984,0.5740740740740741,0.426267160969152,0.0444913506507873,6.38009524345398,
polish_1year,MAR,40.0,mean,TabPFN,Foundation,0.9409672830725462,0.9496346485976992,0.9628440713480504,0.9409672830725462,0.942807637519176,0.818184308568924,0.7200379046865066,0.6851851851851852,0.5789952548385493,0.0496886819601058,146.47498393058777,
polish_1year,MAR,40.0,mean,TabICL,Foundation,0.911095305832148,0.9264120933544396,0.9460172522113642,0.911095305832148,0.830614453210607,0.6781996493534955,0.6108376456729353,0.4259259259259259,0.2865046382579116,0.0547970123589038,6.353160858154297,
polish_1year,MAR,40.0,median,TabPFN,Foundation,0.9153627311522048,0.9332406852134318,0.9615122634749556,0.9153627311522048,0.9464236795967566,0.8315390094236248,0.6782342635488964,0.7407407407407407,0.5932514590870861,0.0449510216712951,146.3668053150177,
polish_1year,MAR,40.0,median,TabICL,Foundation,0.813655761024182,0.8680015001063391,0.949305099838706,0.813655761024182,0.8055966469428008,0.7253177733946965,0.5502502869142676,0.6296296296296297,0.2522033051303422,0.0363528542220592,6.280611753463745,
polish_1year,MAR,40.0,knn,TabPFN,Foundation,0.9068278805120912,0.9279107555573016,0.961472191462898,0.9068278805120912,0.9154202279202278,0.8359905763751918,0.6672862621412714,0.7592592592592593,0.5099202153269441,0.050321951508522,146.3011829853058,
polish_1year,MAR,40.0,knn,TabICL,Foundation,0.7994310099573257,0.8589132039266717,0.9486787641126192,0.7994310099573257,0.8190403791365329,0.7179213236905544,0.5398723453638157,0.6296296296296297,0.2691990255460569,0.0398292541503906,6.314453363418579,
polish_1year,MAR,40.0,mice,TabPFN,Foundation,0.9416785206258892,0.9508045483417876,0.9654463481403712,0.9416785206258892,0.9615384615384616,0.8452224413762874,0.7314418821337061,0.7407407407407407,0.6660142485794489,0.0638505667448043,146.43875432014465,
polish_1year,MAR,40.0,mice,TabICL,Foundation,0.7354196301564723,0.8168518492807476,0.956139556720319,0.7354196301564723,0.872212634231865,0.773531667762437,0.5165705412599823,0.8148148148148148,0.2869123470392636,0.0328404083847999,6.23432993888855,
polish_1year,MAR,40.0,mice_indicator,TabPFN,Foundation,0.9096728307254623,0.9302887891584292,0.9643658081252856,0.9096728307254623,0.9584292132369054,0.8641381766381766,0.6801998728407554,0.8148148148148148,0.6451952551263174,0.036191638559103,325.3345727920532,
polish_1year,MAR,40.0,mice_indicator,TabICL,Foundation,0.6714082503556188,0.7708514834950093,0.963342650425947,0.6714082503556188,0.886471345605961,0.8113631382862152,0.4890232812790072,0.9629629629629628,0.301431007433605,0.0351558774709701,13.75999927520752,
polish_1year,MAR,40.0,none,TabPFN,Foundation,0.9516358463726884,0.9582359169616788,0.9692312855036176,0.9516358463726884,0.967147435897436,0.8681788297172912,0.7635338345864662,0.7777777777777778,0.6718403214226522,0.0617826618254184,147.9401893615723,
polish_1year,MAR,40.0,none,TabICL,Foundation,0.911095305832148,0.9261142830743074,0.9451055679842546,0.911095305832148,0.830614453210607,0.6693102125794433,0.6065301443804892,0.4074074074074074,0.2865046382579116,0.0552200302481651,6.313497304916382,
polish_1year,MNAR,5.0,mean,TabPFN,Foundation,0.9886201991465148,0.9885170479304226,0.988438167265035,0.9886201991465148,0.9935349550734166,0.9140779092702168,0.9215719086864969,0.8333333333333334,0.9432329886432942,0.1328125,146.4745454788208,
polish_1year,MNAR,5.0,mean,TabICL,Foundation,0.972972972972973,0.9758999375765844,0.9821838752071308,0.972972972972973,0.9939869603331142,0.9592784352399736,0.8571749358426005,0.9444444444444444,0.942793922014584,0.0307694934308528,6.433212518692017,
polish_1year,MNAR,5.0,median,TabPFN,Foundation,0.9907539118065434,0.990445439847246,0.990472759567188,0.9907539118065434,0.9950553364014902,0.906297939951786,0.9332459251089256,0.8148148148148148,0.9449559393113072,0.15478515625,146.35489416122437,
polish_1year,MNAR,5.0,median,TabICL,Foundation,0.9174964438122332,0.9352071195739776,0.9643437052649672,0.9174964438122332,0.9467729563883408,0.8593167872014026,0.6906490649064907,0.7962962962962963,0.7047189828329898,0.0286738034337759,6.317377090454102,
polish_1year,MNAR,5.0,knn,TabPFN,Foundation,0.9679943100995732,0.9713776976177582,0.977734391206688,0.9679943100995732,0.9823580977427132,0.9211319307473154,0.8297119879853693,0.8703703703703703,0.8762704829621067,0.0389158502221107,146.38864588737488,
polish_1year,MNAR,5.0,knn,TabICL,Foundation,0.9366998577524892,0.9467221933595158,0.9620265866697943,0.9366998577524892,0.9333977098400176,0.8159653736576813,0.7101950730336949,0.6851851851851852,0.6371876462070761,0.0425936691462993,6.251496076583862,
polish_1year,MNAR,5.0,mice,TabPFN,Foundation,0.9871977240398292,0.9873093702927356,0.9874433079696238,0.9871977240398292,0.9957401928555776,0.9222277010738548,0.9148509521566516,0.8518518518518519,0.946865883031327,0.1210401058197021,146.42949080467224,
polish_1year,MNAR,5.0,mice,TabICL,Foundation,0.97724039829303,0.9793379358507216,0.983901974730148,0.97724039829303,0.9975002739425816,0.9614973701512164,0.8746224070090176,0.9444444444444444,0.9642859250518891,0.0365816242992877,6.370005130767822,
polish_1year,MNAR,5.0,mice_indicator,TabPFN,Foundation,0.9871977240398292,0.9873093702927356,0.9874433079696238,0.9871977240398292,0.994315691431076,0.9222277010738548,0.9148509521566516,0.8518518518518519,0.9476494260166924,0.1322182863950729,325.0971076488495,
polish_1year,MNAR,5.0,mice_indicator,TabICL,Foundation,0.9402560455192034,0.9523673080473,0.9766219308553404,0.9402560455192034,0.9974865768135,0.9689349112426036,0.7652194656488549,1.0,0.9659786076029268,0.0206744689494371,13.518674612045288,
polish_1year,MNAR,5.0,none,TabPFN,Foundation,0.987908961593172,0.9883538124139628,0.9892107661437912,0.987908961593172,0.993137738330046,0.9581552706552708,0.9241964384821528,0.925925925925926,0.9420995330299516,0.0939159095287323,146.16270756721497,
polish_1year,MNAR,5.0,none,TabICL,Foundation,0.9715504978662872,0.9747752850259076,0.9816629193176594,0.9715504978662872,0.9939869603331142,0.9585387902695596,0.8516642928733449,0.9444444444444444,0.942793922014584,0.0270576141774654,6.41136622428894,
polish_1year,MNAR,10.0,mean,TabPFN,Foundation,0.9864864864864864,0.9866615968059876,0.986885602000112,0.9864864864864864,0.9933842866535174,0.9218578785886478,0.9108971985684314,0.8518518518518519,0.9223370402422943,0.0960258841514587,146.37726020812988,
polish_1year,MNAR,10.0,mean,TabICL,Foundation,0.9857752489331436,0.9855122017525813,0.985345233449565,0.9857752489331436,0.9894669077361384,0.8859303090072321,0.9001533916600386,0.7777777777777778,0.8826235994402309,0.0910942032933235,6.364527940750122,
polish_1year,MNAR,10.0,median,TabPFN,Foundation,0.9857752489331436,0.9861337674922788,0.9866776646044652,0.9857752489331436,0.9920899079552924,0.9303774928774928,0.9085742525327404,0.8703703703703703,0.9125207679970606,0.0833282470703125,146.5166244506836,
polish_1year,MNAR,10.0,median,TabICL,Foundation,0.868421052631579,0.9036317079744344,0.959407305094204,0.868421052631579,0.9027503835196142,0.8249095989480605,0.6197594680053269,0.7777777777777778,0.5290786418061999,0.0243173129856586,6.39633059501648,
polish_1year,MNAR,10.0,knn,TabPFN,Foundation,0.9466571834992888,0.9552966056256774,0.9704806208362396,0.9466571834992888,0.96349030243261,0.8922583826429981,0.7585602912387952,0.8333333333333334,0.815557208544969,0.0359562896192073,146.4203236103058,
polish_1year,MNAR,10.0,knn,TabICL,Foundation,0.8726884779516358,0.9057246302993122,0.9560861223356782,0.8726884779516358,0.9207073197457812,0.7915707867630944,0.6140176524266335,0.7037037037037037,0.5961947125149256,0.0235818084329366,6.458569288253784,
polish_1year,MNAR,10.0,mice,TabPFN,Foundation,0.9900426742532006,0.9896590675444892,0.9897176150440384,0.9900426742532006,0.9956306158229236,0.8970386806925268,0.9274188790560473,0.7962962962962963,0.9385542547855096,0.1748046875,146.4052939414978,
polish_1year,MNAR,10.0,mice,TabICL,Foundation,0.9886201991465148,0.9888149803939278,0.9890980448208472,0.9886201991465148,0.9949731536269998,0.9407462195923736,0.9256084656084655,0.8888888888888888,0.945116147858201,0.0810336023569107,6.277426958084106,
polish_1year,MNAR,10.0,mice_indicator,TabPFN,Foundation,0.987908961593172,0.9876266479990736,0.9875023369019968,0.987908961593172,0.995233399079553,0.8959292132369056,0.914338038971139,0.7962962962962963,0.9328586965267572,0.134765625,325.4856562614441,
polish_1year,MNAR,10.0,mice_indicator,TabICL,Foundation,0.9893314366998578,0.9895575849020284,0.9899209799891066,0.9893314366998578,0.9958908612754768,0.9500054788516328,0.930849511618528,0.9074074074074074,0.9539963731829236,0.0800293162465095,13.484151124954224,
polish_1year,MNAR,10.0,none,TabPFN,Foundation,0.9857752489331436,0.9861337674922788,0.9866776646044652,0.9857752489331436,0.9928980385711156,0.9303774928774928,0.9085742525327404,0.8703703703703703,0.9270058372712628,0.1036250442266464,146.06261205673218,
polish_1year,MNAR,10.0,none,TabICL,Foundation,0.984352773826458,0.9842109409043313,0.9840918277908092,0.984352773826458,0.9894669077361384,0.8851906640368179,0.8921613744439332,0.7777777777777778,0.8826235994402309,0.0827466920018196,6.421564817428589,
polish_1year,MNAR,15.0,mean,TabPFN,Foundation,0.9886201991465148,0.9884097614020648,0.988299785579711,0.9886201991465148,0.9939321718167872,0.9051884724961649,0.920122713328031,0.8148148148148148,0.9215893396359016,0.1177296340465545,146.47566175460815,
polish_1year,MNAR,15.0,mean,TabICL,Foundation,0.9765291607396872,0.9775660121827632,0.979112977064231,0.9765291607396872,0.9803172255095332,0.8900120534735919,0.85521754189979,0.7962962962962963,0.8262684073010423,0.0648769214749336,6.286227226257324,
polish_1year,MNAR,15.0,median,TabPFN,Foundation,0.9623044096728308,0.9673670946964008,0.977321552630352,0.9623044096728308,0.9902887354810432,0.9359522244137628,0.8145446491011943,0.9074074074074074,0.905071685884128,0.0382033437490463,146.5056669712067,
polish_1year,MNAR,15.0,median,TabICL,Foundation,0.8655761024182077,0.9007861222593118,0.9529378873143536,0.8655761024182077,0.881376013587552,0.761204251588867,0.5981198589894242,0.6481481481481481,0.4405421486577086,0.0344632267951965,6.29970908164978,
polish_1year,MNAR,15.0,knn,TabPFN,Foundation,0.9068278805120912,0.9291050668144164,0.967570116311342,0.9068278805120912,0.9771257944334868,0.8982166337935569,0.6861152531974539,0.8888888888888888,0.8091310173993449,0.0272843800485134,146.43612694740295,
polish_1year,MNAR,15.0,knn,TabICL,Foundation,0.864153627311522,0.8997362399551774,0.951949876508038,0.864153627311522,0.8951758711374096,0.7515751698444006,0.5938671590845503,0.6296296296296297,0.4892558039100307,0.0317552760243415,6.2333824634552,
polish_1year,MNAR,15.0,mice,TabPFN,Foundation,0.9900426742532006,0.9898585412268068,0.989777061644784,0.9900426742532006,0.9944115713346482,0.9148175542406312,0.930107374162027,0.8333333333333334,0.9398969152370276,0.1219631284475326,146.33030533790588,
polish_1year,MNAR,15.0,mice,TabICL,Foundation,0.9871977240398292,0.9873093702927356,0.9874433079696238,0.9871977240398292,0.991740631163708,0.9222277010738548,0.9148509521566516,0.8518518518518519,0.9076767821182978,0.0782501623034477,6.213804483413696,
polish_1year,MNAR,15.0,mice_indicator,TabPFN,Foundation,0.9893314366998578,0.9894696816889376,0.989658848501656,0.9893314366998578,0.99591825553364,0.9411160420775806,0.9296556830803406,0.8888888888888888,0.9370249729129874,0.0853933990001678,325.30830693244934,
polish_1year,MNAR,15.0,mice_indicator,TabICL,Foundation,0.9836415362731152,0.9844807835238458,0.9860910338720572,0.9836415362731152,0.994315691431076,0.9470468989699758,0.9006851734124461,0.9074074074074074,0.943224442200408,0.0610995218157768,13.657618522644045,
polish_1year,MNAR,15.0,none,TabPFN,Foundation,0.9758179231863442,0.9779080158498852,0.982100082131788,0.9758179231863442,0.9932884067499452,0.9429788516326978,0.8648688376300316,0.9074074074074074,0.9301156914511212,0.0700854733586311,146.14574456214905,
polish_1year,MNAR,15.0,none,TabICL,Foundation,0.9765291607396872,0.9775660121827632,0.979112977064231,0.9765291607396872,0.9803172255095332,0.8900120534735919,0.85521754189979,0.7962962962962963,0.8262684073010423,0.066947728395462,6.51305103302002,
polish_1year,MNAR,20.0,mean,TabPFN,Foundation,0.9736842105263158,0.9758814951395988,0.9799714759914356,0.9736842105263158,0.9944047227701074,0.9240905106289722,0.8518782156595324,0.8703703703703703,0.9173583165838972,0.0525608919560909,146.46073532104492,
polish_1year,MNAR,20.0,mean,TabICL,Foundation,0.9537695590327168,0.9593472420401268,0.968237800417108,0.9537695590327168,0.9617987069910146,0.8515094236248082,0.7636760922126113,0.7407407407407407,0.6761398400633671,0.0421096123754978,6.298113584518433,
polish_1year,MNAR,20.0,median,TabPFN,Foundation,0.9779516358463728,0.9793811772715264,0.981975348717255,0.9779516358463728,0.9912406859522244,0.9263094455402148,0.8702314849274284,0.8703703703703703,0.9018409255564148,0.0731856226921081,146.42110919952393,
polish_1year,MNAR,20.0,median,TabICL,Foundation,0.8890469416785206,0.9140427816098124,0.9483662543289458,0.8890469416785206,0.8434692088538243,0.7111823361823362,0.6020754716981132,0.5185185185185185,0.3606914725207106,0.0443301498889923,6.302103519439697,
polish_1year,MNAR,20.0,knn,TabPFN,Foundation,0.965149359886202,0.9690123377905928,0.9760679747566916,0.965149359886202,0.9743315801008108,0.9107632040324348,0.8170685402178907,0.8518518518518519,0.8510701637461299,0.0455849133431911,147.27972269058228,
polish_1year,MNAR,20.0,knn,TabICL,Foundation,0.8883357041251778,0.9148433490353616,0.9536572583663996,0.8883357041251778,0.8782736138505369,0.764149134341442,0.6207670832796461,0.6296296296296297,0.4771628773042537,0.0308667384088039,6.295978546142578,
polish_1year,MNAR,20.0,mice,TabPFN,Foundation,0.9793741109530584,0.9798113308105882,0.9803670942647636,0.9793741109530584,0.9914392943239096,0.8826019066403682,0.8663090557958208,0.7777777777777778,0.8823121611021462,0.0870255082845687,147.21470069885254,
polish_1year,MNAR,20.0,mice,TabICL,Foundation,0.8968705547652916,0.9218697296757616,0.9623170334503424,0.8968705547652916,0.9476221783914092,0.8485919351303967,0.6580572985067367,0.7962962962962963,0.6550254018732442,0.0281644966453313,6.324000597000122,
polish_1year,MNAR,20.0,mice_indicator,TabPFN,Foundation,0.9793741109530584,0.9799750883976174,0.9808025068989044,0.9793741109530584,0.9926240959894806,0.8914913434144203,0.8685366993922394,0.7962962962962963,0.8908526517833484,0.0793825089931488,329.7037332057953,
polish_1year,MNAR,20.0,mice_indicator,TabICL,Foundation,0.9800853485064012,0.9799048338782396,0.9797454883165836,0.9800853485064012,0.9800295857988164,0.8563034188034189,0.8627508402013694,0.7222222222222222,0.8014075477307504,0.095218501985073,14.023441076278688,
polish_1year,MNAR,20.0,none,TabPFN,Foundation,0.9815078236130867,0.982391216586102,0.983920241029432,0.9815078236130867,0.9933158010081088,0.9281585579662502,0.8868375433382862,0.8703703703703703,0.9234507642860024,0.0831756889820098,148.2019636631012,
polish_1year,MNAR,20.0,none,TabICL,Foundation,0.945945945945946,0.9539896272604484,0.9671331647138096,0.945945945945946,0.9617987069910146,0.8563308130615823,0.7451756603359629,0.7592592592592593,0.6761398400633671,0.0359934605658054,6.3295862674713135,
polish_1year,MNAR,30.0,mean,TabPFN,Foundation,0.9672830725462304,0.970655732298058,0.9768064619167416,0.9672830725462304,0.9862138395792244,0.911872671488056,0.824731987035652,0.8518518518518519,0.8541883683789989,0.0548317208886146,147.5179009437561,
polish_1year,MNAR,30.0,mean,TabICL,Foundation,0.8911806543385491,0.9175590940716656,0.9583194058181156,0.8911806543385491,0.9218030900723208,0.8100756081525312,0.6391914942864187,0.7222222222222222,0.4808289799885661,0.0265621915459632,6.2830798625946045,
polish_1year,MNAR,30.0,median,TabPFN,Foundation,0.902560455192034,0.9267841123390848,0.9698183635594732,0.902560455192034,0.9791598181021258,0.9226660092044708,0.6867665018286129,0.9444444444444444,0.7986890102289919,0.0308652333915233,147.48968243598938,
polish_1year,MNAR,30.0,median,TabICL,Foundation,0.8591749644381224,0.8956294477962198,0.94623926361554,0.8591749644381224,0.7954744685513917,0.695649791803638,0.5715341094482033,0.5185185185185185,0.2367137593330382,0.0516006425023078,6.534639596939087,
polish_1year,MNAR,30.0,knn,TabPFN,Foundation,0.8627311522048364,0.9005493444624513,0.9626942676886684,0.8627311522048364,0.9352879136532984,0.8575087661626124,0.6232159345732753,0.8518518518518519,0.6281495778453475,0.0312204360961914,147.5156795978546,
polish_1year,MNAR,30.0,knn,TabICL,Foundation,0.8456614509246089,0.8881824235665904,0.9508785817856366,0.8456614509246089,0.8369836182336183,0.7419597852290161,0.5763619575253924,0.6296296296296297,0.3386915589793066,0.0419785194098949,6.268816947937012,
polish_1year,MNAR,30.0,mice,TabPFN,Foundation,0.92176386913229,0.9390684015047344,0.9699732981219444,0.92176386913229,0.9831114398422092,0.9148723427569582,0.71445557131041,0.9074074074074074,0.832532335188998,0.0371975228190422,147.5918529033661,
polish_1year,MNAR,30.0,mice,TabICL,Foundation,0.9039829302987198,0.9260812730002204,0.961196897706966,0.9039829302987198,0.9379520052596976,0.8345112864343633,0.6629285314722569,0.7592592592592593,0.6064064647583082,0.0421752892434597,6.249379396438599,
polish_1year,MNAR,30.0,mice_indicator,TabPFN,Foundation,0.9054054054054054,0.9286351618008916,0.9700600634460144,0.9054054054054054,0.9844606070567608,0.9241452991452992,0.691216076750964,0.9444444444444444,0.8377637683608887,0.0248428247869014,329.626490354538,
polish_1year,MNAR,30.0,mice_indicator,TabICL,Foundation,0.8705547652916074,0.905399755695336,0.9622363902904704,0.8705547652916074,0.9534913982029368,0.8526873767258383,0.6296144048170449,0.8333333333333334,0.6707061633876643,0.0290387067943811,13.965094089508057,
polish_1year,MNAR,30.0,none,TabPFN,Foundation,0.9644381223328592,0.968643434328355,0.9765352138252472,0.9644381223328592,0.9867411790488712,0.9192828183212798,0.8170185740463102,0.8703703703703703,0.8560294063724312,0.0633050501346588,150.43023252487183,
polish_1year,MNAR,30.0,none,TabICL,Foundation,0.8911806543385491,0.9175590940716656,0.9583194058181156,0.8911806543385491,0.9218030900723208,0.8100756081525312,0.6391914942864187,0.7222222222222222,0.4808289799885661,0.0268583595752716,6.421865701675415,
polish_1year,MNAR,40.0,mean,TabPFN,Foundation,0.9559032716927454,0.9615312325127404,0.9711001150824436,0.9559032716927454,0.9666954306377384,0.879287201402586,0.7789039039039038,0.7962962962962963,0.7436010788205358,0.0645673125982284,147.4256670475006,
polish_1year,MNAR,40.0,mean,TabICL,Foundation,0.9103840682788052,0.9270815047970704,0.9495396006909166,0.9103840682788052,0.8645833333333333,0.713387573964497,0.6260638297872341,0.5,0.3272471651425696,0.0498762056231498,6.35767936706543,
polish_1year,MNAR,40.0,median,TabPFN,Foundation,0.902560455192034,0.9256913300499652,0.9636894512240772,0.902560455192034,0.9502451786105632,0.8604399517861057,0.6690770089765065,0.8148148148148148,0.6990370948222013,0.0418752282857894,147.45758056640625,
polish_1year,MNAR,40.0,median,TabICL,Foundation,0.837126600284495,0.8818497829263996,0.944062851156934,0.837126600284495,0.7651901161516546,0.6752958579881656,0.5501315482453015,0.5,0.182427186649841,0.0546005591750144,6.283988237380981,
polish_1year,MNAR,40.0,knn,TabPFN,Foundation,0.8968705547652916,0.9199999886992216,0.9534982454075356,0.8968705547652916,0.8516395463510847,0.7596975673898752,0.6285242096095013,0.6111111111111112,0.4566670192236213,0.0559521615505218,147.5730242729187,
polish_1year,MNAR,40.0,knn,TabICL,Foundation,0.8869132290184921,0.9125023674321444,0.947294704854656,0.8869132290184921,0.7940499671268901,0.7011834319526626,0.5961718754233751,0.5,0.239684246591389,0.0717066451907157,6.360292673110962,
polish_1year,MNAR,40.0,mice,TabPFN,Foundation,0.9231863442389758,0.9391382533411918,0.9658863384314024,0.9231863442389758,0.9557993644532106,0.8711648038571116,0.703847594083505,0.8148148148148148,0.6729553497765666,0.0433694496750831,147.66915225982666,
polish_1year,MNAR,40.0,mice,TabICL,Foundation,0.802275960170697,0.8612421656535678,0.9544304549080556,0.802275960170697,0.8823142669296515,0.7727372342756957,0.5550896267865029,0.7407407407407407,0.3786025083700031,0.0309317037463188,6.301409959793091,
polish_1year,MNAR,40.0,mice_indicator,TabPFN,Foundation,0.9274537695590328,0.9421603026288644,0.9672919496025127,0.9274537695590328,0.9624767148805612,0.8822731755424063,0.7149093511450382,0.8333333333333334,0.6788874386108332,0.047822505235672,329.39205980300903,
polish_1year,MNAR,40.0,mice_indicator,TabICL,Foundation,0.8598862019914651,0.8976755511031335,0.9552957102832008,0.8598862019914651,0.9082086894586896,0.7849139820293667,0.6003993380913428,0.7037037037037037,0.3988749815415501,0.0327887423336505,14.086646795272827,
polish_1year,MNAR,40.0,none,TabPFN,Foundation,0.9594594594594594,0.9641548997112878,0.9721177500604696,0.9594594594594594,0.9721879793995178,0.8811363138286215,0.790021144086337,0.7962962962962963,0.7623184971702919,0.0784445405006408,149.40018486976624,
polish_1year,MNAR,40.0,none,TabICL,Foundation,0.9210526315789472,0.9332578983252664,0.9490992920128124,0.9210526315789472,0.8645833333333333,0.7011560376944992,0.6343440070663595,0.4629629629629629,0.3272471651425696,0.0560179352760314,6.42964506149292,
